ID,Area,Feature,User story,Expected behaviour (from code),Code reference,How tested,Baseline result,Errors found,Fix applied,Post-fix result,Status
WS-01,Workspace shell,Root opens Directory,"As an analyst, I want the bare URL to open the case register, so that I always land somewhere useful.",GET / forwards to /directory/ with history replaced (no extra back-stack entry).,frontend/src/app/sections.ts forward(); App.tsx Resolve,unit forwarding.test; browser,PASS: / → /directory/ replaced (one history entry),,,PASS (re-tested 2026-09-11),Passing
WS-02,Workspace shell,Pre-v2 slug forwarding,"As an analyst with old bookmarks, I want pre-v2 URLs to land on their new section with my query intact, so that links keep working.",Every slug in routes.json forwards (replace) to its section; query string kept; /issuers/profile renames ?id= to ?case=.,frontend/src/app/routes.json; sections.ts forward()/renamed(),unit forwarding.test; workbench navigation.spec; browser,"PASS: all 16 slugs forward, ?id→?case renamed, query kept",,,PASS (re-tested 2026-09-11),Passing
WS-03,Workspace shell,Trailing-slash tolerance,"As an analyst typing a URL, I want /book to reach /book/, so that a missing slash is not a dead end.",A section path without its trailing slash forwards to the same section; any other path does not forward.,sections.ts forward(),unit forwarding.test,PASS,,,PASS (re-tested 2026-09-11),Passing
WS-04,Workspace shell,Absent route is private-404,"As an analyst who mistypes a URL, I want one neutral answer, so that the app never reveals whether something exists.",Unknown path renders the rail and 'Unavailable or not permitted.'; case query carried into rail links; no forwarding.,App.tsx Absent; transport.ts UNAVAILABLE_WORDING,unit states.test; workbench navigation.spec; browser,"PASS: private-404 wording, case kept in rail links",,,PASS (re-tested 2026-09-11),Passing
WS-05,Workspace shell,Nine-section rail,"As an analyst, I want one rail listing all nine sections with a count and one-line state, so that I can see the whole case at a glance and move between sections.",Rail always lists the nine sections in IA order with count + state from chrome.rail; current section marked; a section with no entry renders 'off'.,frontend/src/chrome/Rail.tsx,unit chrome.test; workbench navigation.spec; browser,"PASS: nine sections, aria-current, state lines",,,PASS (re-tested 2026-09-11),Passing
WS-06,Workspace shell,Case travels between sections,"As an analyst, I want the open case to follow me when I change section, so that I never re-select it.",Every rail link carries ?case=<id> when a case is open (URL-encoded).,Workspace.tsx caseSearch; Rail.tsx,browser,PASS,,,PASS (re-tested 2026-09-11),Passing
WS-07,Workspace shell,Section-local rail group,"As an analyst, I want the section's own context (facets, revisions, frontier) under the rail, so that I see what the section is about.","rail_local renders its title and items (label, meta, 'on' marker) read-only below the nine sections.",Rail.tsx local,browser,FAIL: ERR-07,"ERR-07: Analysis 'Route frontier' (panel and rail) lists BLOCKED nodes and CP-MEMO, a module DECISIONS §14 does not place; the frontier is RUNNABLE + RESTRICTED (CONTEXT.md).","ERR-07: Analysis fixtures' frontier (panel and rail) are CP-6 RUNNABLE and CP-1C RESTRICTED only; supporting-research links name HOST, not CP-MEMO. Test: analysis 'the frontier is the nodes that may run now …'.","PASS (re-tested) — story checker, unit and workbench green",Fixed
WS-08,Workspace shell,Served role read-only,"As an analyst, I want to see the role I am served as, without a control to change it, so that I know persona grants nothing.","Served role 'Role · STANDING' shown in the rail foot as text, never a control.",frontend/src/chrome/ServedRole.tsx,unit chrome.test; workbench chrome.spec,PASS,,,PASS (re-tested 2026-09-11),Passing
WS-09,Workspace shell,Ask and Sign out in rail foot,"As an analyst, I want Ask scoped to what is on screen and a Sign out control, so that I know both exist and why they cannot act yet.","Two controls only: 'ASK · <section scope>' and 'SIGN OUT', visible and refused (aria-disabled) with a code and an accurate clears reason; click flashes the reason.",Rail.tsx railfoot; controls/RefusedControl.tsx,browser,FAIL: ERR-01,"ERR-01: Refusal reasons name build phases that have already exited ('Phase 2 admits…', 'Phase 5 places the provider', 'Phase 6 derives identity…', 'the backend phase that owns this action lands (docs/REBUILD_PLAN.md)'). All are false today and developer-facing: the store, provider and identity exist; what is missing is an HTTP route.","ERR-01: Every unplaced refusal now names the real blocker (READ_ONLY_API: 'this build's API serves only the run document and its event stream'); Rail Ask → ASK_UNPLACED, Sign out → SIGN_OUT_UNPLACED (the authenticating proxy owns sign-out). Tests: helpers/chrome/directory/upload 'names what clears it today'.","PASS (re-tested) — story checker, unit and workbench green",Fixed
WS-10,Workspace shell,Late responses discarded,"As an analyst switching cases quickly, I want a slow response for the case I left to be thrown away, so that I never read one case's numbers under another's name.","Each fetch carries (case, seq); only the latest ticket renders; a response for a left case is discarded.",frontend/src/app/authority.ts; Workspace.tsx load(),unit authority.test,"PASS: vitest 134/134; workbench 78/78 (3 engines); axe 189/189 entries, 0 violations (authority.test)",,,PASS (re-tested 2026-09-11),Passing
WS-11,Workspace shell,Live run tail refetches,"As an analyst watching a run, I want the section to refresh itself as run events arrive, so that states stay current without reloading.",An EventSource on /api/events; any known event name refetches the section; authority_changed marks the region stale; stream_end closes the stream.,frontend/src/app/sse.ts; Workspace.tsx,unit hooks.test; workbench run.spec/states.spec,PASS: frames advance CP-6 → COMPLETE,,,PASS (re-tested 2026-09-11),Passing
WS-12,Workspace shell,Explicit reload of a stale view,"As an analyst, I want a stale view to stay on screen with a RELOAD button, so that the lens only moves when I choose.",Stale marker above the retained document; RELOAD refetches and clears the stale mark.,states/RegionState.tsx stale; Workspace.tsx reload,unit states.test; workbench states.spec,PASS: stale marker over the kept body; RELOAD clears,,,PASS (re-tested 2026-09-11),Passing
WS-13,Workspace shell,Section tabs with keyboard,"As a keyboard analyst, I want the section's tabs to use arrow keys, so that I can switch views without a mouse.","Tabs from chrome.tabs; one tab stop (roving tabindex); ArrowLeft/Right wrap, Home/End jump; tab id drives the body; tabs never navigate between sections.",frontend/src/chrome/SectionTabs.tsx,browser,"PASS: roving tabindex, arrows wrap, Home/End",,,PASS (re-tested 2026-09-11),Passing
WS-14,Workspace shell,Evidence surface closes on navigation,"As an analyst, I want an open drawer or passport to close when I change page, so that no dialog outlives its opener.",EvidenceProvider is keyed on pathname: navigating remounts it and closes any drawer/passport.,frontend/src/app/App.tsx Shell,browser,PASS: drawer closes on navigation,,,PASS (re-tested 2026-09-11),Passing
WS-15,Workspace shell,No command palette,"As an analyst, I want the rail to be the only navigation, so that there is one way to reach things.",Cmd/Ctrl-K opens nothing; no second navigation surface.,IA_SPEC 3; workbench navigation.spec,workbench navigation.spec,PASS,,,PASS (re-tested 2026-09-11),Passing
WS-16,Workspace shell,Static export per URL,"As an operator, I want every section URL and pre-v2 slug to exist as a static page, so that a static host serves the workspace with no Node.",npm run build copies dist/index.html to dist/<slug>/index.html for the 9 sections and 16 slugs.,frontend/scripts/export-sections.mjs,build + file check,PASS: 25 exported index.html,,,PASS (re-tested 2026-09-11),Passing
WS-17,Workspace shell,Wire key strictness,"As an analyst, I want a malformed section document refused rather than half-rendered, so that I never read a document the client does not understand.","Top-level keys must be a subset of {chrome, body, observed_at, observed_empty, status, notes} including the first three; chrome must carry exactly its 8 keys; else WIRE_KEYS_MISMATCH.",frontend/src/wire/keys.ts; app/transport.ts classify(),unit transport.test,"PASS: vitest 134/134; workbench 78/78 (3 engines); axe 189/189 entries, 0 violations",,,PASS (re-tested 2026-09-11),Passing
CH-01,Chrome bands,Ribbon,"As an analyst, I want a ribbon that says what I am looking at and whether it is trustworthy, so that context is never ambiguous.","Brand; subject case chip (issuer on hover); context chips with tone; exec/saved/approval states; at most three actions, exactly one primary.",frontend/src/chrome/Ribbon.tsx,unit chrome.test; workbench chrome.spec; browser,"PASS: ≤3 actions, exactly one primary on all nine",,,PASS (re-tested 2026-09-11),Passing
CH-02,Chrome bands,Ribbon actions state their refusal,"As an analyst, I want a ribbon action that cannot act to stay visible with its code and what clears it, so that I learn the real model of the system.",Refused actions are aria-disabled buttons; title + sr-only reason; clicking flashes the reason for 4 s (role=status). Live actions act.,Ribbon.tsx; controls/RefusedControl.tsx; ds/ActionReason.tsx,unit states.test; browser,FAIL: ERR-01,"ERR-01: Refusal reasons name build phases that have already exited ('Phase 2 admits…', 'Phase 5 places the provider', 'Phase 6 derives identity…', 'the backend phase that owns this action lands (docs/REBUILD_PLAN.md)'). All are false today and developer-facing: the store, provider and identity exist; what is missing is an HTTP route.","ERR-01: Every unplaced refusal now names the real blocker (READ_ONLY_API: 'this build's API serves only the run document and its event stream'); Rail Ask → ASK_UNPLACED, Sign out → SIGN_OUT_UNPLACED (the authenticating proxy owns sign-out). Tests: helpers/chrome/directory/upload 'names what clears it today'.","PASS (re-tested) — story checker, unit and workbench green",Fixed
CH-03,Chrome bands,Decision brief,"As an analyst, I want CHANGE · IMPACT · ACTION · EVIDENCE and one headline figure on every section, so that I know what changed and what to do.","Four labelled cells plus headline, always rendered (fallback text when no document).",frontend/src/chrome/DecisionBrief.tsx,workbench chrome.spec; browser,PASS,,,PASS (re-tested 2026-09-11),Passing
CH-04,Chrome bands,Verdict strip,"As an analyst, I want the single conclusion with its severity and what blocks it, so that the state of the section is one line.","Severity mark (shape+hue) + word, conclusion, ' · blocked on X' when blocked.",frontend/src/chrome/VerdictStrip.tsx,unit chrome.test; browser,PASS,,,PASS (re-tested 2026-09-11),Passing
CH-05,Chrome bands,Fallback chrome,"As an analyst, I want the four bands present even while loading, offline or refused, so that the page shape never changes.","With no document the bands carry the state (LOADING/OFFLINE/UNAVAILABLE/code) and invent no subject, action or role.",frontend/src/chrome/fallback.ts,unit helpers.test; workbench states.spec,FAIL: ERR-06,"ERR-06: Client-owned refusal 'clears' strings are capitalised sentences, so the region reads 'Clears when The store answers again.' and the fallback brief doubles the period ('…again..').; ERR-29","ERR-06: Client refusal clauses are lower-case and unpunctuated; fallback brief strips a trailing stop before adding one; the fixture server's 503 body likewise. Tests: helpers 'ends its clause once', 'read as a clause after clears when'.","PASS (re-tested) — story checker, unit and workbench green",Fixed
CH-06,Chrome bands,Severity is shape and hue,"As a colour-blind analyst, I want severity drawn as a shape as well as a colour, so that I can read status without hue.","SUCCESS/RUNNING disc, WARNING triangle, CRITICAL rounded square, IDLE flat dot; aria-label names the severity.",frontend/src/chrome/SeverityMark.tsx,unit chrome.test/helpers.test,"PASS: vitest 134/134; workbench 78/78 (3 engines); axe 189/189 entries, 0 violations",,,PASS (re-tested 2026-09-11),Passing
ST-01,Region states,Loading,"As an analyst, I want a loading marker while the document is on the wire, so that I know the page is working.",SurfaceState kind=loading with role=status aria-live=polite; no skeleton text.,states/RegionState.tsx; ds/SurfaceState.tsx,unit states.test,"PASS: vitest 134/134; workbench 78/78 (3 engines); axe 189/189 entries, 0 violations",,,PASS (re-tested 2026-09-11),Passing
ST-02,Region states,Observed-empty with timestamp,"As an analyst, I want 'No material change' only when the server observed nothing at a stated time, so that silence is never read as a result.",observed_empty=true requires observed_at; renders 'No material change' + time; untimed observed-empty refused OBSERVED_EMPTY_UNTIMED.,transport.ts classify(); RegionState.tsx,unit states/transport.test; workbench states.spec,PASS,,,PASS (re-tested 2026-09-11),Passing
ST-03,Region states,Typed refusal,"As an analyst, I want a failed request to show its code and what clears it, never an exception, so that I know how to proceed.","Non-2xx (not 404) → error with {code, clears}; non-typed body → RESPONSE_INVALID; region shows 'Refused', code, 'Clears when …'.",transport.ts fetchSection/refusalOf; RegionState.tsx,unit transport.test; workbench states.spec,FAIL: ERR-06,"ERR-06: Client-owned refusal 'clears' strings are capitalised sentences, so the region reads 'Clears when The store answers again.' and the fallback brief doubles the period ('…again..').; ERR-29","ERR-06: Client refusal clauses are lower-case and unpunctuated; fallback brief strips a trailing stop before adding one; the fixture server's 503 body likewise. Tests: helpers 'ends its clause once', 'read as a clause after clears when'.","PASS (re-tested) — story checker, unit and workbench green",Fixed
ST-04,Region states,Unavailable (observed 404),"As an analyst, I want a 404 to read exactly like an absent route, so that a private case is never confirmed.",404 → 'Unavailable or not permitted.'; identical wording to an absent route.,transport.ts; RegionState.tsx,unit states.test; browser,PASS,,,PASS (re-tested 2026-09-11),Passing
ST-05,Region states,Offline,"As an analyst, I want one plain sentence when the request never reached the server, so that I am not shown engine text.",Network failure → page alert 'The request did not reach the server.' + offline marker; no engine text.,transport.ts; states/PageAlert.tsx,unit transport.test; workbench states.spec,PASS,,,PASS (re-tested 2026-09-11),Passing
ST-06,Region states,Stale,"As an analyst, I want to know when the authority changed under the view I am reading, so that I do not act on an outdated lens.",Stale marker with explanation and RELOAD; document stays visible beneath.,RegionState.tsx stale,unit states.test; workbench states.spec,PASS (see WS-12),,,PASS (re-tested 2026-09-11),Passing
ST-07,Region states,Partial,"As an analyst, I want a partially served document rendered with its notes, so that I read what exists and what is missing.",status=partial → warning marker listing notes (or 'Rendered with warning status.') above the body.,transport.ts; RegionState.tsx partial,unit transport.test; workbench states.spec,PASS,,,PASS (re-tested 2026-09-11),Passing
ST-08,Region states,Ready has no marker,"As an analyst, I want a ready region to show only its content, so that markers always mean something.",ready renders children with no state marker.,RegionState.tsx ready,unit states.test,PASS,,,PASS (re-tested 2026-09-11),Passing
EV-01,Evidence surface,Citation chip → evidence drawer,"As an analyst, I want every chip ('D-04 p.68 ¶2') to open the page with the quoted rectangle, so that every figure is one click from its evidence.","Chip button opens the one drawer: title 'source · page N', page render (or silhouette), one rectangle per bbox, matched text, document digest, observed time, rectangle count.",evidence/CitationChip.tsx; evidence/EvidenceDrawer.tsx,unit evidence.test; workbench evidence.spec; browser,FAIL: ERR-08,"ERR-08: D-06 reads ADMITTED (grade B) in Analysis's source register but WITHDRAWN (grade C) in Upload for the same case and set; and no conclusion citing D-06 is marked, although Upload states 'every conclusion that cited it is marked'.","ERR-08: Citation gains optional `withdrawn_at`; chips and paper cites of a withdrawn source are struck through, dashed and named '· source withdrawn'; the drawer shows the withdrawal. All 16 D-06 citations carry it; Analysis's register shows D-06 WITHDRAWN, grade C. Tests: evidence (3), analysis 'register agrees with Upload'.","PASS (re-tested) — story checker, unit and workbench green",Fixed
EV-02,Evidence surface,Dialog focus discipline,"As a keyboard analyst, I want Escape or Close to return focus to the chip that opened the drawer, so that I never lose my place.",Opener passed explicitly; focus trapped inside; Escape/close/scrim close; focus restored to opener; body scroll locked while open.,ds/use-modal-a11y.ts,unit hooks.test/evidence.test; workbench evidence.spec,"PASS: trap, Escape restores the chip, scroll lock released",,,PASS (re-tested 2026-09-11),Passing
EV-03,Evidence surface,Metric passport (ten fields),"As a PM, I want any metric cell to open a passport with definition, period, scenario, evidence date, computed at, snapshot, method, derivation, citations and supporting research, so that every number explains itself.",Dialog 'Passport · <label>' with value+unit; the ten fields in order; driver row (and PROJECTED badge) for a projected cell; deviation row with restatement when present.,evidence/MetricPassport.tsx; wire/shared.ts PASSPORT_FIELDS,unit evidence.test; workbench passport.spec,PASS: ten fields in order + deviation,,,PASS (re-tested 2026-09-11),Passing
EV-04,Evidence surface,Stacked evidence dialogs,"As an analyst, I want a chip inside the passport to open the drawer on top, and Escape to close only the top one, so that stacked dialogs behave predictably.",Overlay stack: Escape closes the topmost overlay only; focus returns to its opener.,ds/use-modal-a11y.ts overlayStack,browser,"PASS: Escape closes the drawer over the passport, then the passport; focus to the cell",,,PASS (re-tested 2026-09-11),Passing
EV-05,Evidence surface,Chip expanded state,"As a screen-reader analyst, I want the chip to announce that its drawer is open, so that I know which evidence is showing.",aria-haspopup=dialog; aria-expanded true on the chip whose citation is open.,CitationChip.tsx,unit evidence.test,PASS,,,PASS (re-tested 2026-09-11),Passing
DIR-01,Directory /directory/,Case register,"As an analyst, I want a register of cases with issuer, sector, rating, pathway, snapshot, state, leverage and update time, so that I can find the case I need.",Table of cases; columns no row fills are not drawn; state = severity mark + word; updated shown as 'YYYY-MM-DD HH:MMZ'.,sections/directory/CaseRegister.tsx,unit directory.test; browser,FAIL: ERR-05,ERR-05: The case register draws its first row as selected (accent border) although the register has no selection model; the highlight jumps to whichever row search or the filter puts first.,ERR-05: CaseRegister no longer draws a selected row (selection prop removed). Test: directory 'no row of the register is drawn selected'.,"PASS (re-tested) — story checker, unit and workbench green",Fixed
DIR-02,Directory /directory/,Search,"As an analyst, I want to search by issuer, sector, snapshot or case id, so that I can narrow the register quickly.","Case-insensitive substring over case id, issuer, sector, pathway, snapshot; 'N OF M SHOWN'; 'No case matches.' when empty.",sections/directory/DirectorySection.tsx matches(),unit directory.test; browser,PASS,,,PASS (re-tested 2026-09-11),Passing
DIR-03,Directory /directory/,One filter,"As an analyst, I want exactly one filter (State), so that the register stays simple.",Select labelled from body.filter with 'All' plus served options; filters rows by state.,DirectorySection.tsx RegisterTab,unit directory.test; browser,PASS,,,PASS (re-tested 2026-09-11),Passing
DIR-04,Directory /directory/,Open case (one action per row),"As an analyst, I want each row's single action to open the case, so that there is no batch state to misuse.",Each row has one 'Open case' link to /analysis/?case=<id>; no checkboxes or selection model.,CaseRegister.tsx caseHref(),unit directory.test; browser,PASS,,,PASS (re-tested 2026-09-11),Passing
DIR-05,Directory /directory/,Open-intake summary,"As an analyst, I want a line telling me an intake is open for review, so that I do not miss uncommitted suggestions.","Under the register: '<n> files admitted as one pack · x of y suggestions uncommitted · run <id> opened for review, not accepted'; 'No intake is open.' otherwise.",DirectorySection.tsx IntakeLine,browser,PASS (latent defect found in code review: ERR-21),ERR-30,ERR-21: Pluralised; sizeOf() prints bytes under 1 KB. Test: directory 'an intake of one small file reads in the singular and in bytes'.,"PASS (re-tested) — story checker, unit and workbench green",Fixed
DIR-06,Directory /directory/,Labelled intake suggestions,"As an analyst, I want every machine proposal labelled SUGGESTED until a person commits it, so that nothing the server guessed is taken as fact.",Rows key/value/why; SUGGESTED or COMMITTED tag; count tag; Commit control visible and refused with an accurate reason.,sections/directory/IntakeSuggestions.tsx,unit directory.test; browser,FAIL: ERR-01,"ERR-01: Refusal reasons name build phases that have already exited ('Phase 2 admits…', 'Phase 5 places the provider', 'Phase 6 derives identity…', 'the backend phase that owns this action lands (docs/REBUILD_PLAN.md)'). All are false today and developer-facing: the store, provider and identity exist; what is missing is an HTTP route.","ERR-01: Every unplaced refusal now names the real blocker (READ_ONLY_API: 'this build's API serves only the run document and its event stream'); Rail Ask → ASK_UNPLACED, Sign out → SIGN_OUT_UNPLACED (the authenticating proxy owns sign-out). Tests: helpers/chrome/directory/upload 'names what clears it today'.","PASS (re-tested) — story checker, unit and workbench green",Fixed
DIR-07,Directory /directory/,Intake run opened for review,"As an analyst, I want the completed intake run linked for review, never accepted for me, so that acceptance stays a human act.",Note + link 'Open <run> in Run' to /run/?case=<case>.,IntakeSuggestions.tsx,unit directory.test; browser,PASS,,,PASS (re-tested 2026-09-11),Passing
DIR-08,Directory /directory/,What committing writes,"As an analyst, I want to see what committing the intake would write, so that I commit knowingly.","Panel: case, files · one pack, route selection, 'Analysis: none'; note that the case opens at Run at the plan gate.",DirectorySection.tsx Committing,browser,PASS,,,PASS (re-tested 2026-09-11),Passing
DIR-09,Directory /directory/,Admitted pack list,"As an analyst, I want the admitted files with size and digest, so that I can confirm which bytes entered the case.","List of files: name, size in KB, 12-char digest (full in title); 'N OF N' all-or-none tag.",DirectorySection.tsx AdmittedPack,browser,PASS (latent defect found in code review: ERR-21),ERR-30,ERR-21: Pluralised; sizeOf() prints bytes under 1 KB. Test: directory 'an intake of one small file reads in the singular and in bytes'.,"PASS (re-tested) — story checker, unit and workbench green",Fixed
DIR-10,Directory /directory/,Document drop,"As an analyst, I want to drop documents for a case, so that intake starts from the documents, not a form.",Labelled multi-file input; shows how many files are selected; the browser proposes nothing itself; submitting is visible and refused while no intake route is served.,IntakeSuggestions.tsx IntakeDrop,unit directory.test; browser,FAIL: ERR-04,"ERR-04: Directory › Intake accepts dropped files and says they will be 'admitted as one pack, or none', but offers no admit control (live or refused) and sends nothing, so selecting files silently does nothing.","ERR-04: The drop region carries a visible, refused Admit pack (INTAKE_UNPLACED, reason inline) and the selected-files line says 'not sent'. Test: directory 'chosen files are said not to be sent …'.","PASS (re-tested) — story checker, unit and workbench green",Fixed
DIR-11,Directory /directory/,Empty register,"As an analyst in a fresh deployment, I want an empty register stated as observed, so that 'nothing here' is a fact with a time.","?fixture=observed-empty → No material change + timestamp; no rows, no intake.",fixtures/states/directory.observed-empty.json,unit directory.test; workbench states.spec,PASS,,,PASS (re-tested 2026-09-11),Passing
UPL-01,Upload /upload/,Source pack rows,"As an analyst, I want each source's grade, disposition, pages, digest and set versions, so that I know exactly what the case holds.","Row: grade badge, label + file · family, disposition tag, pages, 12-char digest (full in title), set-version pills with pinned highlighted, withdrawal cell.",sections/upload/SourcePack.tsx,unit upload.test; browser,PASS (latent defect found in code review: ERR-22),,ERR-22: Message chosen by tab. Test: upload 'an empty pack says the pack is empty'.,"PASS (re-tested) — story checker, unit and workbench green",Fixed
UPL-02,Upload /upload/,Pack counts,"As an analyst, I want to know how many sources exist and how many are in the pinned set, so that I can spot a gap.",Header tags 'N SOURCES' and 'M IN <pinned set>'.,sections/upload/UploadSection.tsx,browser,PASS,,,PASS (re-tested 2026-09-11),Passing
UPL-03,Upload /upload/,Withdrawal checked live,"As an analyst, I want the time withdrawal was last checked on each source, so that I trust the source is still usable.",'checked live at HH:MMZ'; withdrawn rows marked 'Withdrawn <stamp>' and styled; Withdraw control refused SOURCE_ALREADY_WITHDRAWN / SOURCE_NOT_ADMITTED / accurate unplaced reason.,"SourcePack.tsx WithdrawalCell, withdrawRefusal()",unit upload.test/helpers.test; browser,FAIL: ERR-01 ERR-20,"ERR-01: Refusal reasons name build phases that have already exited ('Phase 2 admits…', 'Phase 5 places the provider', 'Phase 6 derives identity…', 'the backend phase that owns this action lands (docs/REBUILD_PLAN.md)'). All are false today and developer-facing: the store, provider and identity exist; what is missing is an HTTP route. | ERR-20: Short tokens split across lines: Report's deliverable list shows 'CP-' / '1A', Upload's withdrawal cell shows '2026-09-' / '09 09:41Z'.","ERR-01: Every unplaced refusal now names the real blocker (READ_ONLY_API: 'this build's API serves only the run document and its event stream'); Rail Ask → ASK_UNPLACED, Sign out → SIGN_OUT_UNPLACED (the authenticating proxy owns sign-out). Tests: helpers/chrome/directory/upload 'names what clears it today'. | ERR-20: `.secrow .src` and withdrawal timestamps are nowrap. Test: workbench layout.spec 'module ids and timestamps never wrap inside themselves'.","PASS (re-tested) — story checker, unit and workbench green",Fixed
UPL-04,Upload /upload/,Withdrawals tab,"As an analyst, I want a view of withdrawn sources only, so that I can see what no run may read.",Only rows with withdrawn_at; note SOURCE_WITHDRAWN refusal at use; 'No source is withdrawn.' when none.,UploadSection.tsx,unit upload.test; browser,FAIL: ERR-08,"ERR-08: D-06 reads ADMITTED (grade B) in Analysis's source register but WITHDRAWN (grade C) in Upload for the same case and set; and no conclusion citing D-06 is marked, although Upload states 'every conclusion that cited it is marked'.","ERR-08: Citation gains optional `withdrawn_at`; chips and paper cites of a withdrawn source are struck through, dashed and named '· source withdrawn'; the drawer shows the withdrawal. All 16 D-06 citations carry it; Analysis's register shows D-06 WITHDRAWN, grade C. Tests: evidence (3), analysis 'register agrees with Upload'.","PASS (re-tested) — story checker, unit and workbench green",Fixed
UPL-05,Upload /upload/,Set versions,"As an analyst, I want the immutable set versions with the pinned one marked, so that I know what the run reads.","Rows: version, sources, pinned time; pinned row marked; 'Pin set' refused SET_ALREADY_PINNED on the pinned row and with an accurate reason elsewhere.",sections/upload/SetVersions.tsx,unit upload.test; browser,FAIL: ERR-01,"ERR-01: Refusal reasons name build phases that have already exited ('Phase 2 admits…', 'Phase 5 places the provider', 'Phase 6 derives identity…', 'the backend phase that owns this action lands (docs/REBUILD_PLAN.md)'). All are false today and developer-facing: the store, provider and identity exist; what is missing is an HTTP route.","ERR-01: Every unplaced refusal now names the real blocker (READ_ONLY_API: 'this build's API serves only the run document and its event stream'); Rail Ask → ASK_UNPLACED, Sign out → SIGN_OUT_UNPLACED (the authenticating proxy owns sign-out). Tests: helpers/chrome/directory/upload 'names what clears it today'.","PASS (re-tested) — story checker, unit and workbench green",Fixed
UPL-06,Upload /upload/,Restatements surfaced,"As an analyst, I want a figure restated across intakes shown as two readings with citations, so that nothing is silently merged.","Table: restated figure, divergence, each reading's source/value/chip; 'NOT RESOLVED' tag.",sections/upload/Restatements.tsx,unit upload.test; browser,PASS,,,PASS (re-tested 2026-09-11),Passing
UPL-07,Upload /upload/,Partial pack,"As an analyst, I want to be told when a withdrawal check is pending, so that I do not assume a source is readable.",?fixture=partial → partial marker with the pending note above the pack.,fixtures/states/upload.partial.json,unit upload.test; a11y routes,PASS,,,PASS (re-tested 2026-09-11),Passing
UPL-08,Upload /upload/,Admit pack action,"As an analyst, I want the Admit pack action to tell me truthfully how to add documents, so that I am not sent looking for a file picker that is not there.",Ribbon 'Admit pack' is refused with a reason the analyst can act on from this workspace.,fixtures/upload.json ribbon.actions,browser,FAIL: ERR-03,"ERR-03: Upload's 'Admit pack' refusal says 'clears when at least one file is selected', but the Upload section has no file input, so the instruction cannot be followed.",ERR-03: Upload's Admit pack now refuses INTAKE_UNPLACED naming the intake route and where documents are chosen. Test: upload 'none asks for a file this page cannot take'.,"PASS (re-tested) — story checker, unit and workbench green",Fixed
ANA-01,Analysis /analysis/,Three-column layout,"As an analyst, I want sources and evidence left, module output centre, and the case's clearance and structure right, so that the dominant section reads in one sweep.","cols three: left register+trace; centre tabpanel labelled by the active tab; right clearance, frontier, capital, triggers.",sections/analysis/AnalysisSection.tsx,unit analysis.test; browser,PASS,,,PASS (re-tested 2026-09-11),Passing
ANA-02,Analysis /analysis/,Source register (CP-0),"As an analyst, I want the pinned sources with grade, pages and disposition, so that I know what the analysis stands on.",One row per source; 'N ADMITTED' tag counts ADMITTED dispositions.,sections/analysis/SourceRegister.tsx,browser,FAIL: ERR-08,"ERR-08: D-06 reads ADMITTED (grade B) in Analysis's source register but WITHDRAWN (grade C) in Upload for the same case and set; and no conclusion citing D-06 is marked, although Upload states 'every conclusion that cited it is marked'.","ERR-08: Citation gains optional `withdrawn_at`; chips and paper cites of a withdrawn source are struck through, dashed and named '· source withdrawn'; the drawer shows the withdrawal. All 16 D-06 citations carry it; Analysis's register shows D-06 WITHDRAWN, grade C. Tests: evidence (3), analysis 'register agrees with Upload'.","PASS (re-tested) — story checker, unit and workbench green",Fixed
ANA-03,Analysis /analysis/,Ranked evidence trace (CP-5),"As an analyst, I want the ranked evidence with confidence and anchor, so that I can see what the conclusion leans on most.","#rank heading; 'NN% · HIGH/MEDIUM/LOW' (≥85, ≥60, else); module id and chip.",sections/analysis/EvidenceTrace.tsx; tone.ts,unit helpers.test; browser,PASS,,,PASS (re-tested 2026-09-11),Passing
ANA-04,Analysis /analysis/,Tab selects module output,"As an analyst, I want each tab to show that module's accepted output, so that I read one module at a time.","Tab cp ↔ module_id; CP-1 → financials, conflicts, adjusted, steps; CP-6A → debate; other modules → artifact summary with anchored trace rows.",sections/analysis/ModuleOutput.tsx,unit analysis.test; browser,PASS,,,PASS (re-tested 2026-09-11),Passing
ANA-05,Analysis /analysis/,Normalised financials (CP-1),"As an analyst, I want to click any financial cell to see its derivation and passport, so that every figure is one click from its evidence.",Every value is a button; selection highlights the cell and drives the formula bar; cells with a passport open it; at rest the bar reads the latest-period headline total.,sections/analysis/Financials.tsx,unit analysis.test; browser,PASS,,,PASS (re-tested 2026-09-11),Passing
ANA-06,Analysis /analysis/,Formula bar,"As an analyst, I want the selected cell's coordinate, expression and operand lineage, so that I can audit the arithmetic.","'ROW · PERIOD', '= expression' (passport derivation or row formula), lineage chips, method (or confidence · variance).",sections/analysis/FormulaBar.tsx,unit analysis.test; browser,PASS,,,PASS (re-tested 2026-09-11),Passing
ANA-07,Analysis /analysis/,Definition conflict register,"As an analyst, I want both readings of a contested definition with citations and the size of the gap, so that conflicts are shown and never resolved for me.","Each conflict: term, numbered readings with source/value/chip, divergence and restatement; header count; empty message when none.",sections/analysis/Conflicts.tsx Conflicts,unit analysis.test; browser,PASS (latent defect found in code review: ERR-23),,ERR-23: Mark and tone only when conflicts exist. Test: analysis 'an empty conflict register raises no warning'.,"PASS (re-tested) — story checker, unit and workbench green",Fixed
ANA-08,Analysis /analysis/,Adjusted vs reported,"As an analyst, I want the add-backs between reported and normalised figures, with disputed ones marked, so that I can challenge the adjustments.","Rows component · category, reported, adjustment, normalised, chip; DISPUTED tag; 'N DISPUTED' header.",Conflicts.tsx Adjusted,browser,PASS,,,PASS (re-tested 2026-09-11),Passing
ANA-09,Analysis /analysis/,Step outputs,"As an analyst, I want each methodology step's state with its limitation, so that I see which steps are restricted.",Grid n · name · state; RESTRICTED/BLOCKED styled; limitation inline; 'x OF y COMPLETE'.,sections/analysis/Steps.tsx,browser,PASS,,,PASS (re-tested 2026-09-11),Passing
ANA-10,Analysis /analysis/,Restricted output keeps its limitation,"As an analyst, I want a RESTRICTED module's output shown with its limitation attached, so that it is neither hidden nor treated as an error.",Limitation note with state tag above the module output.,ModuleOutput.tsx Limitation,unit analysis.test; browser,PASS,,,PASS (re-tested 2026-09-11),Passing
ANA-11,Analysis /analysis/,Clearance (CP-5),"As an analyst, I want the clearance state and the one blocking finding named, so that I know what stops publication.",Panel tone by state; 'X blocks.' with finding text + chip; other findings listed; QA_GATE note.,sections/analysis/Clearance.tsx Clearance,unit analysis.test; browser,PASS,,,PASS (re-tested 2026-09-11),Passing
ANA-12,Analysis /analysis/,Route frontier,"As an analyst, I want the nodes that may run now, with state and reason, so that I know what the run will do next.","Rows module id, name, state tag, reason; 'ACCEPT LIVES IN RUN'; only RUNNABLE/RESTRICTED nodes are the frontier (CONTEXT.md).",Clearance.tsx Frontier; fixtures/analysis.json body.frontier,unit analysis.test; browser,FAIL: ERR-07,"ERR-07: Analysis 'Route frontier' (panel and rail) lists BLOCKED nodes and CP-MEMO, a module DECISIONS §14 does not place; the frontier is RUNNABLE + RESTRICTED (CONTEXT.md).","ERR-07: Analysis fixtures' frontier (panel and rail) are CP-6 RUNNABLE and CP-1C RESTRICTED only; supporting-research links name HOST, not CP-MEMO. Test: analysis 'the frontier is the nodes that may run now …'.","PASS (re-tested) — story checker, unit and workbench green",Fixed
ANA-13,Analysis /analysis/,Capital structure,"As an analyst, I want each tranche with seniority, coupon, maturity, amount and leverage-through, so that I read the stack.","Rows with seniority swatch + word (1L/2L/SR UNSEC/SUB/EQUITY), amount, 'THRU x', chip.",sections/analysis/Capital.tsx,unit analysis.test; browser,PASS,,,PASS (re-tested 2026-09-11),Passing
ANA-14,Analysis /analysis/,Armed triggers,"As an analyst, I want monitored triggers with threshold, current value and cushion, so that I see covenant headroom.","Rows id · description, threshold/now, chip, cushion tag coloured by severity.",Capital.tsx,unit analysis.test; browser,PASS,,,PASS (re-tested 2026-09-11),Passing
ANA-15,Analysis /analysis/,Bull / Bear / Chair debate (CP-6A),"As an analyst, I want the debate turns with citations and the Chair's weighting, so that I see how the committee view was argued.",Turns with role tag and chip; weighting matrix table; Chair memo.,sections/analysis/Debate.tsx,unit analysis.test; browser,PASS,,,PASS (re-tested 2026-09-11),Passing
ANA-16,Analysis /analysis/,Ribbon actions (Cite / Dispute),"As an analyst, I want Cite selection and Dispute reading to state truthfully why they cannot act, so that I know they exist.","Visible, refused, with an accurate reason.",fixtures/analysis.json ribbon.actions; RefusedControl,browser,FAIL: ERR-01,"ERR-01: Refusal reasons name build phases that have already exited ('Phase 2 admits…', 'Phase 5 places the provider', 'Phase 6 derives identity…', 'the backend phase that owns this action lands (docs/REBUILD_PLAN.md)'). All are false today and developer-facing: the store, provider and identity exist; what is missing is an HTTP route.","ERR-01: Every unplaced refusal now names the real blocker (READ_ONLY_API: 'this build's API serves only the run document and its event stream'); Rail Ask → ASK_UNPLACED, Sign out → SIGN_OUT_UNPLACED (the authenticating proxy owns sign-out). Tests: helpers/chrome/directory/upload 'names what clears it today'.","PASS (re-tested) — story checker, unit and workbench green",Fixed
ANA-17,Analysis /analysis/,Partial analysis,"As an analyst, I want a partially accepted run shown with its notes, so that I know which tab reads an older snapshot.","?fixture=partial → partial marker with the CP-6A note, body rendered.",fixtures/states/analysis.partial.json,workbench states.spec,PASS,,,PASS (re-tested 2026-09-11),Passing
BOOK-01,Book /book/,Book table,"As a PM, I want every credit in one table grouped by sector with its metrics, snapshot and evidence date, so that I read the portfolio honestly.",Group header rows '<name> · n credit(s)'; credit + case id; status tag with severity; one cell per column; snapshot; evidence date.,sections/book/CasesTable.tsx,unit book.test; browser,PASS,,,PASS (re-tested 2026-09-11),Passing
BOOK-02,Book /book/,Facet filtering,"As a PM, I want checkbox facets (status, leverage band, freshness, definition set), so that I narrow the book on what was served.",Checkbox per option with count; unchecking removes rows with that value; rows lacking the attribute stay; 'N OF M CREDITS'; empty message.,BookSection.tsx toggle/visible; sections/book/Facets.tsx,unit book.test; browser,PASS,,,PASS (re-tested 2026-09-11),Passing
BOOK-03,Book /book/,Grouping keys,"As a PM, I want to regroup by sector, rating, pathway, vintage or sponsor, so that I compare like with like.",Pressed-pill buttons; selecting regroups rows by the served attribute ('Not served' when absent); header 'GROUPED BY X'.,Facets.tsx; CasesTable.tsx groupsOf(),unit book.test; browser,PASS,,,PASS (re-tested 2026-09-11),Passing
BOOK-04,Book /book/,Cell opens passport,"As a PM, I want to click any metric cell to open its passport, so that every number is explained.",Metric cells are buttons (aria-pressed); click opens the passport with the cell as opener; selected cell highlighted.,sections/book/MetricCell.tsx; BookSection.tsx select,unit book.test; workbench passport.spec,PASS,,,PASS (re-tested 2026-09-11),Passing
BOOK-05,Book /book/,Definition deviation marked everywhere,"As a PM, I want a credit that deviates from the house definition marked on the credit, each cell and in the comparison with the size, so that two spellings never share a column silently.",Triangle mark on credit (with count) and cells; title 'Deviates … by X'; compare header count; per-cell note with restatement.,CasesTable.tsx; MetricCell.tsx; Compare.tsx,unit book.test; browser,PASS,,,PASS (re-tested 2026-09-11),Passing
BOOK-06,Book /book/,Stale evidence colour and date,"As a PM, I want stale evidence shown as a colour and a date on every affected row, so that old numbers are obvious.",Stale rows: evidence date + STALE tag; stale cells styled with 'Stale evidence · <date>' title.,CasesTable.tsx; MetricCell.tsx,unit book.test; browser,PASS,,,PASS (re-tested 2026-09-11),Passing
BOOK-07,Book /book/,Compare on one basis,"As a PM, I want two to four credits side by side on one stated basis, so that the comparison is honest.","Compare tab: basis 'period · scenario · accepted only'; one column per credit with bound snapshot; metric rows; period, scenario, snapshot, evidence date, definition rows.",sections/book/Compare.tsx,unit book.test; browser,PASS,,,PASS (re-tested 2026-09-11),Passing
BOOK-08,Book /book/,One snapshot per compared case,"As a PM, I want each compared credit bound to one accepted snapshot until I switch the lens, so that a late response cannot swap numbers under me.","Ledger binds case→snapshot; a later document with a different snapshot shows SNAPSHOT_MISMATCH, 'LENS PINNED' cells and a 'Switch lens to …' button that rebinds.",app/ledger.tsx; app/authority.ts bind/release; BookSection.tsx,unit book.test/authority.test,"PASS: vitest 134/134; workbench 78/78 (3 engines); axe 189/189 entries, 0 violations (book/authority tests)",,,PASS (re-tested 2026-09-11),Passing
BOOK-09,Book /book/,Saved views,"As a PM, I want my saved views listed with their scope, so that I can reuse a named book view.",List of saved views with scope tag (THIS BROWSER / ANALYST PROFILE / WORKSPACE); 'No saved view.' when none.,Facets.tsx,unit book.test; browser,PASS (views listed with scope; opening one is not built — no false affordance),,,PASS (re-tested 2026-09-11),Passing
BOOK-10,Book /book/,Compared credits flagged in table,"As a PM, I want the credits in the comparison flagged in the book table, so that I see what is being compared.",'N COMPARED' tag; compared rows styled 'cmp'.,CasesTable.tsx,browser,PASS,,,PASS (re-tested 2026-09-11),Passing
BOOK-11,Book /book/,Compare primary action,"As a PM, I want the ribbon's primary Compare action to take me to the comparison, so that the primary action does what it says.","Ribbon 'Compare' (primary) opens the Compare view, or states an accurate refusal.",fixtures/book.json ribbon.actions; Ribbon.tsx,browser,FAIL: ERR-02,ERR-02: Book's primary ribbon action 'Compare' is refused ACTION_UNPLACED although the Compare view is one tab away; the primary action of the section is a dead end.; ERR-31,"ERR-02: RibbonAction gains an optional `tab`; a ribbon action naming a tab is live and opens it (Ribbon onTab → Workspace tab choice). book.json Compare carries tab 'compare'. Tests: chrome 'a ribbon action that names a tab … opens it', 'the book's primary Compare opens its Compare tab'.","PASS (re-tested) — story checker, unit and workbench green",Fixed
BOOK-12,Book /book/,Empty book,"As a PM, I want an empty book stated as observed, so that nothing is inferred from silence.",?fixture=observed-empty → No material change + time.,fixtures/states/book.observed-empty.json,unit book.test; a11y,PASS,,,PASS (re-tested 2026-09-11),Passing
RUN-01,Run /run/,Resolved route DAG,"As an analyst, I want the pinned route drawn as stage columns with typed edges, so that I see the whole plan.","Stage headers; one node button per module with id, name, state, reason; SVG edges styled by type; legend of the five edge types.",sections/run/RouteGraph.tsx; RouteLegend.tsx,unit run.test; workbench run.spec; browser,FAIL: ERR-18,"ERR-18: Route DAG: stage headers overlap ('…COVENANTSSTAGE 4 · QA' by 11 px, '…DELIVERABLESTAGE 100' by 5 px) and 17 of 32 node reasons are clipped through the middle of their second line.","ERR-18: Stage headers are one column wide and wrap; nodes are 76px with fixed line heights and a one-line state, so two reason lines fit on all three engines. Test: workbench layout.spec 'stage headers stay in their columns …' (3 engines).","PASS (re-tested) — story checker, unit and workbench green",Fixed
RUN-02,Run /run/,Node states with reasons,"As an analyst, I want every node's state (COMPLETE, RUNNABLE, RESTRICTED, BLOCKED) with its reason, so that I know what each waits on.","State word ('RUNNABLE · RUNNING'/'· FRONTIER'), severity mark (pulse while running), reason text; header tally of the four states.",RouteGraph.tsx severityOf/stateWord; RunSection.tsx tally,unit run.test; browser,FAIL: ERR-18,"ERR-18: Route DAG: stage headers overlap ('…COVENANTSSTAGE 4 · QA' by 11 px, '…DELIVERABLESTAGE 100' by 5 px) and 17 of 32 node reasons are clipped through the middle of their second line.","ERR-18: Stage headers are one column wide and wrap; nodes are 76px with fixed line heights and a one-line state, so two reason lines fit on all three engines. Test: workbench layout.spec 'stage headers stay in their columns …' (3 engines).","PASS (re-tested) — story checker, unit and workbench green",Fixed
RUN-03,Run /run/,The QA gate reads as a gate,"As an analyst, I want the one QA_GATE drawn as a gate, so that I see where a person must act.",Gate node styled 'gate'; diamond 'QA_GATE' mark at the midpoint of the CP-5 → CP-6 edge.,RouteGraph.tsx,unit run.test; workbench run.spec,PASS,,,PASS (re-tested 2026-09-11),Passing
RUN-04,Run /run/,Selected node detail,"As an analyst, I want to select a node and read its reason, stage, edges in, artifact and attempts, so that I can diagnose it.","Right column: state tag, reason, stage label, edges in, artifact sha256 prefix, extension note, limitation; attempts (n, started, charge, generation id, state).",sections/run/NodeDetail.tsx,unit run.test; browser,FAIL: ERR-10,ERR-10: A run attempt with no generation id shows an invented 'gen_—' token.,ERR-10: A missing generation id reads 'no generation id'. Test: run 'an attempt with no generation id says so'.,"PASS (re-tested) — story checker, unit and workbench green",Fixed
RUN-05,Run /run/,Node Accept refused until COMPLETE,"As an analyst, I want Accept on a node to be visible and refused with its state until it is COMPLETE, so that acceptance lives in Run and is never faked.","Accept is aria-disabled with NODE_NOT_ACCEPTABLE naming the state and reason; live only for COMPLETE (then unplaced, refused).",NodeDetail.tsx nodeAccept(),unit run.test/helpers.test; browser,FAIL: ERR-01,"ERR-01: Refusal reasons name build phases that have already exited ('Phase 2 admits…', 'Phase 5 places the provider', 'Phase 6 derives identity…', 'the backend phase that owns this action lands (docs/REBUILD_PLAN.md)'). All are false today and developer-facing: the store, provider and identity exist; what is missing is an HTTP route.","ERR-01: Every unplaced refusal now names the real blocker (READ_ONLY_API: 'this build's API serves only the run document and its event stream'); Rail Ask → ASK_UNPLACED, Sign out → SIGN_OUT_UNPLACED (the authenticating proxy owns sign-out). Tests: helpers/chrome/directory/upload 'names what clears it today'.","PASS (re-tested) — story checker, unit and workbench green",Fixed
RUN-06,Run /run/,Plan gate,"As an approver, I want the plan gate to show the digest and fingerprint I would approve, so that approval binds exactly what I reviewed.","Plan tab: preview digest, input fingerprint, node/edge counts, reserved; Approve plan refused PLAN_ALREADY_PINNED once pinned; at RESOLVED_NOT_PINNED it is visible with an accurate state.",sections/run/PlanGate.tsx,unit run.test; workbench run.spec,FAIL: ERR-01,"ERR-01: Refusal reasons name build phases that have already exited ('Phase 2 admits…', 'Phase 5 places the provider', 'Phase 6 derives identity…', 'the backend phase that owns this action lands (docs/REBUILD_PLAN.md)'). All are false today and developer-facing: the store, provider and identity exist; what is missing is an HTTP route.","ERR-01: Every unplaced refusal now names the real blocker (READ_ONLY_API: 'this build's API serves only the run document and its event stream'); Rail Ask → ASK_UNPLACED, Sign out → SIGN_OUT_UNPLACED (the authenticating proxy owns sign-out). Tests: helpers/chrome/directory/upload 'names what clears it today'.","PASS (re-tested) — story checker, unit and workbench green",Fixed
RUN-07,Run /run/,Run summary,"As an analyst, I want the run's digest, build, profile, plan state and reservation in one panel, so that I can cite the run.","Panel: route digest, build, profile, PINNED / RESOLVED · NOT PINNED, reserved (or 'nothing reserved').",RunSection.tsx,browser,PASS,,,PASS (re-tested 2026-09-11),Passing
RUN-08,Run /run/,Stream advances the route,"As an analyst watching a run, I want node states to advance as events arrive while my selected node stays selected, so that I can follow progress.",Tail events refetch /run; frames advance CP-6 to COMPLETE and CP-7 to RUNNABLE; the reader's node choice survives a refetch of the same run.,RunSection.tsx choice; vite fixture frames,unit run.test; workbench run.spec,PASS: choice survives refetch,,,PASS (re-tested 2026-09-11),Passing
RUN-09,Run /run/,Accept run refused until terminal,"As an analyst, I want Accept run to say it is refused until the run is terminal, so that I do not accept a moving target.",Ribbon 'Accept run' refused RUN_NOT_TERMINAL with what clears it.,fixtures/run.json ribbon.actions,browser,PASS,,,PASS (re-tested 2026-09-11),Passing
RUN-10,Run /run/,Layout without overlap,"As an analyst, I want nodes laid out by stage without overlap, so that the graph is readable.",Columns by ascending stage; rows in order within a stage; no two nodes share a position.,RouteGraph.tsx layoutRoute(),unit run.test,"PASS: vitest 134/134; workbench 78/78 (3 engines); axe 189/189 entries, 0 violations",,,PASS (re-tested 2026-09-11),Passing
MOD-01,Model /model/,Projection per case-period,"As an analyst, I want CP-CF's projection per case and period with the residual as its own column, so that reconciliation is visible.","One table per case; caption 'case · x of y reconciled · unavailable from P'; figure columns, RESIDUAL column, metric columns.",sections/model/Projection.tsx,unit model.test; workbench model.spec; browser,PASS,,,PASS (re-tested 2026-09-11),Passing
MOD-02,Model /model/,Unavailability propagates,"As an analyst, I want a period whose residual exceeds tolerance, and every later one, shown unavailable with the reason, so that nothing is read as zero growth.",Origin period row 'UNAVAILABLE' + reason; later rows 'unavailable · propagated from P — never read as zero growth'; note per origin period.,Projection.tsx; ModelSection.tsx,unit model.test; workbench model.spec,PASS,,,PASS (re-tested 2026-09-11),Passing
MOD-03,Model /model/,Projected cell passport,"As an analyst, I want each projected figure to open a passport naming its driver and the driver's evidence, so that forecasts are explained like actuals.","Figure cells are buttons; click selects, updates the formula bar and opens the passport (driver + chip, PROJECTED).",Projection.tsx; ModelSection.tsx select,unit model.test; workbench passport.spec,PASS,,,PASS (re-tested 2026-09-11),Passing
MOD-04,Model /model/,Model formula bar,"As an analyst, I want the selected figure's derivation and its period residual, so that I can check it reconciles.","'CASE · PERIOD · LABEL', derivation, 'RESIDUAL x' tag (ok when the period is available); at rest the first closing-cash cell with a passport.",ModelSection.tsx FormulaBar/firstCell,browser,PASS,,,PASS (re-tested 2026-09-11),Passing
MOD-05,Model /model/,Drivers tab,"As an analyst, I want CP-2G's drivers with value, state, rationale and evidence, so that I read what the projection assumes.","Drivers tab centre: driver rows (OPEN state warn); read, never edited.",sections/model/ModelDetail.tsx DriverRows,unit model.test; browser,PASS (drivers shown in centre and right column),,,PASS (re-tested 2026-09-11),Passing
MOD-06,Model /model/,Reconciliation panel,"As an analyst, I want tolerance, first covenant breach per case, the accepted artifact and time, so that I can cite the forecast.","Right column: drivers, tolerance, 'First breach · case', artifact sha256, accepted time, 'Not on this page, by decision' note.",ModelDetail.tsx ModelDetail,unit model.test; browser,FAIL: ERR-08 ERR-19,"ERR-08: D-06 reads ADMITTED (grade B) in Analysis's source register but WITHDRAWN (grade C) in Upload for the same case and set; and no conclusion citing D-06 is marked, although Upload states 'every conclusion that cited it is marked'. | ERR-19: Prose in key-value cells and the receipt is broken mid-word ('liqui|dity', 'the o|pinion', 'pe|riods') because those rules use word-break: break-all.","ERR-08: Citation gains optional `withdrawn_at`; chips and paper cites of a withdrawn source are struck through, dashed and named '· source withdrawn'; the drawer shows the withdrawal. All 16 D-06 citations carry it; Analysis's register shows D-06 WITHDRAWN, grade C. Tests: evidence (3), analysis 'register agrees with Upload'. | ERR-19: `.kv dd.wrap` and `.receipt` use overflow-wrap: anywhere instead of word-break: break-all. Test: workbench layout.spec 'prose wraps between words'.","PASS (re-tested) — story checker, unit and workbench green",Fixed
MOD-07,Model /model/,Compare cases action,"As an analyst, I want the Compare cases action to state truthfully what it does or why it cannot act, so that the primary action is not a dead end.",Ribbon 'Compare cases' is live or refused with an accurate reason.,fixtures/model.json ribbon.actions,browser,FAIL: ERR-01,"ERR-01: Refusal reasons name build phases that have already exited ('Phase 2 admits…', 'Phase 5 places the provider', 'Phase 6 derives identity…', 'the backend phase that owns this action lands (docs/REBUILD_PLAN.md)'). All are false today and developer-facing: the store, provider and identity exist; what is missing is an HTTP route.","ERR-01: Every unplaced refusal now names the real blocker (READ_ONLY_API: 'this build's API serves only the run document and its event stream'); Rail Ask → ASK_UNPLACED, Sign out → SIGN_OUT_UNPLACED (the authenticating proxy owns sign-out). Tests: helpers/chrome/directory/upload 'names what clears it today'.","PASS (re-tested) — story checker, unit and workbench green",Fixed
REP-01,Report /report/,Draft revision read view,"As an analyst, I want the draft revision with each paragraph's kind and every figure's citation in place, so that I can read what I would sign.",Paragraph tags '¶n · MODULE · CP-x' / 'ANALYST_JUDGMENT'; figures placed in-sentence with chips; uncited judgment figures marked; 'N UNCITED FIGURE(S)' / 'EVERY FIGURE CITED' + 'N ANCHORED'.,sections/report/RevisionEditor.tsx; text.ts segments(),unit report.test; browser,FAIL: ERR-08,"ERR-08: D-06 reads ADMITTED (grade B) in Analysis's source register but WITHDRAWN (grade C) in Upload for the same case and set; and no conclusion citing D-06 is marked, although Upload states 'every conclusion that cited it is marked'.","ERR-08: Citation gains optional `withdrawn_at`; chips and paper cites of a withdrawn source are struck through, dashed and named '· source withdrawn'; the drawer shows the withdrawal. All 16 D-06 citations carry it; Analysis's register shows D-06 WITHDRAWN, grade C. Tests: evidence (3), analysis 'register agrees with Upload'.","PASS (re-tested) — story checker, unit and workbench green",Fixed
REP-02,Report /report/,Revisions are immutable,"As an analyst, I want to see that my next edit becomes a new revision, so that a signed revision is never amended.","Note: read view of rev_n, saved time, author, digest; 'The next edit saves rev_n+1'.",ReportSection.tsx nextRevisionId(),unit report.test,PASS,,,PASS (re-tested 2026-09-11),Passing
REP-03,Report /report/,Revisions tab,"As an analyst, I want every saved revision with time, author, digest and opinion, so that I can trace the draft's history.",Table rows; current marked DRAFT; 'SIGNED · <signer>' where an opinion binds it.,sections/report/ReportViews.tsx RevisionTable,unit report.test; browser,PASS,,,PASS (re-tested 2026-09-11),Passing
REP-04,Report /report/,Figures tab,"As an analyst, I want every figure in the revision with CITED/UNCITED/CARRIED status, so that I can clear what blocks freeze.","One row per figure: text, status tag, ¶ and kind, chip or 'no source, no artifact'.",ReportViews.tsx FigureRegister,unit report.test; browser,PASS,,,PASS (re-tested 2026-09-11),Passing
REP-05,Report /report/,Opinion and freeze panel,"As an analyst, I want the opinion that binds this exact revision, the prior opinion that does not carry forward, and why freeze is refused, so that I know what signing and freezing require.",Revision/digest/saved/viewer rows; SIGNED/REFUSED/UNSIGNED tag; prior opinion 'binds rev only'; freeze refusal naming the figure; Freeze visible and refused.,sections/report/OpinionColumn.tsx OpinionPanel,unit report.test; browser,FAIL: ERR-09,"ERR-09: Report's opinion panel labels the viewer's served role 'Signer' while no one has signed rev_4, suggesting the viewer signed.",ERR-09: The opinion panel's viewer row is labelled 'You'. Test: report 'names the viewer as the viewer'.,"PASS (re-tested) — story checker, unit and workbench green",Fixed
REP-06,Report /report/,Saved revisions list,"As an analyst, I want the saved revisions newest first with current and signed marks, so that I see which revision carries an opinion.","Newest first; CURRENT · DRAFT, OPINION SIGNED or SAVED tags.",OpinionColumn.tsx RevisionsPanel,unit report.test; browser,PASS,,,PASS (re-tested 2026-09-11),Passing
REP-07,Report /report/,Lineage,"As an analyst, I want the accepted artifacts the draft rests on, so that I can check provenance.","Table module, sha256 short digest (full in title), state tag.",OpinionColumn.tsx LineagePanel,unit report.test,PASS,,,PASS (re-tested 2026-09-11),Passing
REP-08,Report /report/,Deliverable sections,"As an analyst, I want the deliverable's sections in route order with the narrative marked as fed by this revision, so that I know where my text lands.",§n · title · module id (or 'rev FEEDS' / HOST); narrative row aria-current.,ReportSection.tsx SectionList,unit report.test,FAIL: ERR-20,"ERR-20: Short tokens split across lines: Report's deliverable list shows 'CP-' / '1A', Upload's withdrawal cell shows '2026-09-' / '09 09:41Z'.",ERR-20: `.secrow .src` and withdrawal timestamps are nowrap. Test: workbench layout.spec 'module ids and timestamps never wrap inside themselves'.,"PASS (re-tested) — story checker, unit and workbench green",Fixed
REP-09,Report /report/,Sign opinion refused by name,"As an analyst, I want Sign opinion refused with the uncited figure named, so that I know exactly what to fix.",Ribbon 'Sign opinion' refused UNCITED_FIGURE_IN_JUDGMENT naming $95M in ¶5.,fixtures/report.json ribbon.actions,browser,PASS,,,PASS (re-tested 2026-09-11),Passing
COM-01,Committee /committee/,Deliverable on paper,"As an approver, I want the host-rendered deliverable on paper, watermarked until filed, so that a draft is never mistaken for a filing.",Ink-on-cream article; 'DRAFT — NOT FILED' watermark until filed; FILED stamp afterwards.,sections/committee/Paper.tsx,unit committee.test; browser,PASS,,,PASS (re-tested 2026-09-11),Passing
COM-02,Committee /committee/,Masthead and title,"As an approver, I want origin, method, approval and snapshot on the page's face, so that I know what the document is.","'ORIGIN · HOST-RENDERED · METHOD · FROZEN SNAPSHOT · APPROVAL · PENDING APPROVAL · snapshot', title, sub-line.",Paper.tsx,unit committee.test,PASS,,,PASS (re-tested 2026-09-11),Passing
COM-03,Committee /committee/,Artifacts in route order,"As an approver, I want the accepted artifacts in route order with their § and disposition, so that I can navigate the deliverable.","Left list: §n, module · name, disposition tag; narrative and provenance entries after.",CommitteeSection.tsx ArtifactList,unit committee.test,PASS,,,PASS (re-tested 2026-09-11),Passing
COM-04,Committee /committee/,Paper figures cite evidence,"As an approver, I want every figure on the paper to open its evidence, so that nothing is taken on trust.",Each figure followed by a chip button opening the evidence drawer.,Paper.tsx Cite,unit committee.test; browser,FAIL: ERR-08,"ERR-08: D-06 reads ADMITTED (grade B) in Analysis's source register but WITHDRAWN (grade C) in Upload for the same case and set; and no conclusion citing D-06 is marked, although Upload states 'every conclusion that cited it is marked'.","ERR-08: Citation gains optional `withdrawn_at`; chips and paper cites of a withdrawn source are struck through, dashed and named '· source withdrawn'; the drawer shows the withdrawal. All 16 D-06 citations carry it; Analysis's register shows D-06 WITHDRAWN, grade C. Tests: evidence (3), analysis 'register agrees with Upload'.","PASS (re-tested) — story checker, unit and workbench green",Fixed
COM-05,Committee /committee/,Tabs scope the paper,"As an approver, I want Deliverable, Narrative and Provenance views of the same paper, so that I can read one part at a time.",Deliverable = all sections; Narrative = narrative only; Provenance = provenance index only.,CommitteeSection.tsx SCOPES; Paper.tsx,unit committee.test; browser,PASS,,,PASS (re-tested 2026-09-11),Passing
COM-06,Committee /committee/,Filing ladder,"As an approver, I want opinion → freeze → filing → receipt with actor, time and state, so that I see where the chain stands.","Ordered steps with SIGNED/FROZEN/FILED/WRITTEN or CURRENT/REFUSED/PENDING tags, actor, time, detail and refusal notes.",sections/committee/FilingLadder.tsx,unit committee.test; browser,PASS,,,PASS (re-tested 2026-09-11),Passing
COM-07,Committee /committee/,"File refused for signer, freezer and reader","As an approver who signed or froze, or a reader, I want File visible and refused with the reason, so that independence is enforced in the open.","File control inside the filing step, aria-disabled, APPROVER_NOT_INDEPENDENT with who qualifies; READER sees the same control refused.",FilingLadder.tsx,unit committee.test; workbench refused.spec,PASS,,,PASS (re-tested 2026-09-11),Passing
COM-08,Committee /committee/,Receipt after filing,"As an approver, I want the detached receipt and a filed line on the paper once filed, so that the filing is verifiable.","Receipt block (filing id, deliverable sha256, filer, time, independence); paper filed line; no watermark; no File control.",FilingLadder.tsx ReceiptBlock; Paper.tsx,unit committee.test; workbench refused.spec,FAIL: ERR-19,"ERR-19: Prose in key-value cells and the receipt is broken mid-word ('liqui|dity', 'the o|pinion', 'pe|riods') because those rules use word-break: break-all.",ERR-19: `.kv dd.wrap` and `.receipt` use overflow-wrap: anywhere instead of word-break: break-all. Test: workbench layout.spec 'prose wraps between words'.,"PASS (re-tested) — story checker, unit and workbench green",Fixed
COM-09,Committee /committee/,Independence and output notes,"As an approver, I want to see the signer, freezer and me side by side and that the output is one HTML file, so that I know who may file and what is filed.","Note with opinion signer, freeze actor, viewer role; note naming the one HTML output file.",FilingLadder.tsx,unit committee.test,PASS,,,PASS (re-tested 2026-09-11),Passing
COM-10,Committee /committee/,Provenance index,"As an approver, I want the provenance index of every module on the page with build, artifact and acceptance time, so that I can audit it.","Table module, build, sha256 short, accepted time.",sections/committee/ProvenanceIndex.tsx,unit committee.test,PASS,,,PASS (re-tested 2026-09-11),Passing
COM-11,Committee /committee/,Filed-state actions,"As an approver after filing, I want Open receipt and Verify to act or say truthfully why not, so that the primary action is not a dead end.",Ribbon actions on the filed fixture are live or refused with an accurate reason.,fixtures/states/committee.filed.json,browser,FAIL: ERR-01,"ERR-01: Refusal reasons name build phases that have already exited ('Phase 2 admits…', 'Phase 5 places the provider', 'Phase 6 derives identity…', 'the backend phase that owns this action lands (docs/REBUILD_PLAN.md)'). All are false today and developer-facing: the store, provider and identity exist; what is missing is an HTTP route.","ERR-01: Every unplaced refusal now names the real blocker (READ_ONLY_API: 'this build's API serves only the run document and its event stream'); Rail Ask → ASK_UNPLACED, Sign out → SIGN_OUT_UNPLACED (the authenticating proxy owns sign-out). Tests: helpers/chrome/directory/upload 'names what clears it today'.","PASS (re-tested) — story checker, unit and workbench green",Fixed
ADM-01,Admin /admin/,Explicit unavailable capability,"As an operator, I want Admin to say plainly it is unavailable and name what is missing, so that I know where each capability lives.","UNAVAILABLE panel; observed time; list of missing capabilities with codes; no settings form, toggles or live controls.",sections/admin/*,unit admin.test; browser,FAIL: ERR-17,"ERR-17: GET /api/health (SYSTEM_SPEC §11) is not served (404), yet the Admin fixture shows a green 'HEALTH · 200' chip and lists a deployment 'worker' SYSTEM_SPEC §1 says does not exist.",ERR-17: Recorded in CLAUDE.md known gaps (Phase 6); admin.json now reads 'HEALTH · NOT SERVED' and lists no worker. Test: admin 'claims no route or process the deployment does not have'.,PASS where fixable; Gap documented (health route not built),Gap documented
ADM-02,Admin /admin/,Request capability refused,"As an operator, I want Request capability refused with what clears it, so that the section does not pretend.",Ribbon 'Request capability' refused CAPABILITY_UNAVAILABLE.,fixtures/admin.json,browser,PASS,,,PASS (re-tested 2026-09-11),Passing
INT-01,Integration and dev tooling (frontend),Section documents from the API,"As an analyst on a deployed build, I want each section read from the server, so that I see my real cases rather than fixtures.",Client GETs /api/sections/<section>?case=…; the server must serve a named model per section.,app/transport.ts sectionUrl(); server/api/app.py,code inspection; API probe,FAIL: ERR-16,"ERR-16: The workspace runs on fixtures only and the gap is on no ledger: the API serves no /api/sections/*, the client tails /api/events for six lower-case names while the server streams /api/runs/{id}/events with RunEvent names, the client expects {code, clears} while the server sends {refusal}, and no governed write route exists.",ERR-16: Recorded in CLAUDE.md known gaps (Phase 9) with the upgrade path; every refused control now states it.,"PASS where fixable; Gap documented (the section API is feature work, not a fix)",Gap documented
INT-02,Integration and dev tooling (frontend),Run events from the API,"As an analyst on a deployed build, I want the section to refresh on real run events, so that live state is real.",Client tails /api/events and listens for its six event names; the server serves /api/runs/{id}/events with RunEvent names.,app/sse.ts; server/api/app.py; server/store/events.py,code inspection; API probe,FAIL: ERR-16,"ERR-16: The workspace runs on fixtures only and the gap is on no ledger: the API serves no /api/sections/*, the client tails /api/events for six lower-case names while the server streams /api/runs/{id}/events with RunEvent names, the client expects {code, clears} while the server sends {refusal}, and no governed write route exists.",ERR-16: Recorded in CLAUDE.md known gaps (Phase 9) with the upgrade path; every refused control now states it.,"PASS where fixable; Gap documented (the section API is feature work, not a fix)",Gap documented
INT-03,Integration and dev tooling (frontend),Governed actions from the workspace,"As an analyst or approver, I want commit, withdraw, pin, approve, accept, sign, freeze and file to reach the server, so that decisions are recorded.",Every governed control is refused in this build; the server has store calls but no HTTP write routes.,controls/RefusedControl.tsx; server/api/app.py,code inspection,FAIL: ERR-01 ERR-16,"ERR-01: Refusal reasons name build phases that have already exited ('Phase 2 admits…', 'Phase 5 places the provider', 'Phase 6 derives identity…', 'the backend phase that owns this action lands (docs/REBUILD_PLAN.md)'). All are false today and developer-facing: the store, provider and identity exist; what is missing is an HTTP route. | ERR-16: The workspace runs on fixtures only and the gap is on no ledger: the API serves no /api/sections/*, the client tails /api/events for six lower-case names while the server streams /api/runs/{id}/events with RunEvent names, the client expects {code, clears} while the server sends {refusal}, and no governed write route exists.","ERR-01: Every unplaced refusal now names the real blocker (READ_ONLY_API: 'this build's API serves only the run document and its event stream'); Rail Ask → ASK_UNPLACED, Sign out → SIGN_OUT_UNPLACED (the authenticating proxy owns sign-out). Tests: helpers/chrome/directory/upload 'names what clears it today'. | ERR-16: Recorded in CLAUDE.md known gaps (Phase 9) with the upgrade path; every refused control now states it.","PASS where fixable; Gap documented (the section API is feature work, not a fix)",Fixed
INT-04,Integration and dev tooling (frontend),Fixture server for dev and preview,"As a developer, I want vite dev/preview to serve fixture documents, states, transport failures, a run stream and page renders, so that every state can be exercised without a backend.",/api/sections/<s>[?fixture=state]; offline destroys the socket; unavailable 404; error 503 typed; /api/events streams run frames; /api/pages/<svg>; non-word fixture names 404.,frontend/vite.config.ts,curl probes; workbench,FAIL: ERR-06,"ERR-06: Client-owned refusal 'clears' strings are capitalised sentences, so the region reads 'Clears when The store answers again.' and the fallback brief doubles the period ('…again..').","ERR-06: Client refusal clauses are lower-case and unpunctuated; fallback brief strips a trailing stop before adding one; the fixture server's 503 body likewise. Tests: helpers 'ends its clause once', 'read as a clause after clears when'.","PASS (re-tested) — story checker, unit and workbench green",Fixed
INT-05,Integration and dev tooling (frontend),Accessibility matrix,"As a developer, I want axe over every route and state on three engines and three viewports, so that accessibility regressions fail CI.","npm run a11y: engine × route × viewport matrix complete, zero violations, zero scan errors.",frontend/scripts/a11y-axe.mjs,npm run a11y,"PASS: 189/189 entries, 0 violations, 0 scan errors",,,PASS (re-tested 2026-09-11),Passing
INT-06,Integration and dev tooling (frontend),Workbench smoke,"As a developer, I want Playwright smoke tests on chromium, firefox and webkit with no retries, so that UI contracts hold on every engine.",npm run test:workbench passes on three engines.,frontend/tests/workbench,npm run test:workbench,PASS: 78 passed,,,PASS (re-tested 2026-09-11),Passing
INT-07,Integration and dev tooling (frontend),Frontend lint gates,"As a developer, I want eslint, prettier, the TS vocabulary gate and the untested-export gate, so that the frontend obeys the same rules as the server.",npm run lint exits 0.,frontend/scripts/check-*.mjs; eslint.config.mjs,npm run lint,PASS,,,PASS (re-tested 2026-09-11),Passing
API-01,HTTP API (server/api),Run document,"As an analyst, I want GET /api/runs/{id} to return the run with each node's state and reason, so that /run/ can draw the pinned route.","200 RunDocument {run_id, status, route_digest (recomputed), nodes:[{route_node_id, module_id, state, waiting_on:[{source,type}], awaiting_gate}]}; extra fields forbidden.",server/api/app.py read_run,pytest test_api_routes; live probe,"PASS: live probe, 19 nodes, CP-6 awaiting_gate",,,PASS (re-tested 2026-09-11),Passing
API-02,HTTP API (server/api),Unpinned run,"As an analyst, I want a run before its plan gate to answer with no nodes, so that nothing unpinned is drawn.",route_digest null and nodes [] when no route is pinned.,app.py read_run,pytest test_api_routes,PASS: live probe,,,PASS (re-tested 2026-09-11),Passing
API-03,HTTP API (server/api),Private 404,"As a case member, I want strangers to get the same answer for a run they may not see as for none at all, so that runs are not confirmed to exist.","Unknown run and run without READER standing → 404 {refusal: RUN_NOT_FOUND}, identical bodies.",app.py _visible,pytest test_actor_matrix/test_api_routes; live probe,PASS: identical 404 bodies,,,PASS (re-tested 2026-09-11),Passing
API-04,HTTP API (server/api),Unauthenticated,"As an operator, I want a request with no valid subject answered 401 plainly, so that clients retry correctly.",Missing or non-UUID x-caos-user → 401 {refusal: NOT_AUTHENTICATED}.,server/api/identity.py; app.py _STATUS,pytest; live probe,PASS: 401 NOT_AUTHENTICATED,,,PASS (re-tested 2026-09-11),Passing
API-05,HTTP API (server/api),Run event stream,"As an analyst, I want GET /api/runs/{id}/events as SSE resuming after Last-Event-ID, closing on terminal or revocation, so that the tail is safe and finite.","text/event-stream frames 'id/event/data {}'; resume strictly after Last-Event-ID (invalid → 0); stops after RUN_COMPLETE/RUN_FAILED, on lost standing, or after 300 s; cache-control no-store, x-accel-buffering no.",app.py read_run_events/_frames; server/api/stream.py,pytest test_run_stream/test_api_routes; live probe,"PASS: frames, exclusive resume, junk marker → 0, stranger 404",,,PASS (re-tested 2026-09-11),Passing
API-06,HTTP API (server/api),Refusal body,"As a client developer, I want every refusal as {refusal: CODE} and nothing else, so that no document text or exception leaks.","RefusalBody extra=forbid; statuses: 401 NOT_AUTHENTICATED, 404 RUN/CASE_NOT_FOUND, 400 otherwise.",app.py _refused,pytest test_api_routes; live probe,FAIL: ERR-15,"ERR-15: A malformed run id gets FastAPI's default 422 body echoing the input, not the declared {refusal: CODE}, and it is answered before authentication.; ERR-28",ERR-15: RequestValidationError on the path answers 401 NOT_AUTHENTICATED or 404 RUN_NOT_FOUND in the refusal body; body errors keep FastAPI's default. Test: test_a_malformed_run_id_is_answered_like_any_unknown_run.,"PASS (re-tested) — story checker, unit and workbench green",Fixed
API-07,HTTP API (server/api),Startup applies schema,"As an operator, I want the API to apply the schema at boot and refuse to start on drift or without a database, so that it never serves against the wrong store.",Lifespan: apply_schema on CAOS_DATABASE_URL; refusal at boot on drift or missing URL.,app.py _lifespan/_database_url,pytest; live probe,FAIL: ERR-14,ERR-14: Server misconfiguration answers as a 400 client refusal: with CAOS_BLOB_ROOT unset even an unknown run gets 400 BLOB_NOT_FOUND; a missing CAOS_DATABASE_URL is reported as STORE_NOT_TRANSACTIONAL.; ERR-27,ERR-14: New STORE_NOT_CONFIGURED for a missing database URL or blob root; store-side refusals map to 503. Tests: test_a_misconfigured_store_is_a_server_fault_not_a_bad_request + 3 updated.,"PASS (re-tested) — story checker, unit and workbench green",Fixed
API-08,HTTP API (server/api),Server configuration failures,"As an operator, I want a missing blob root or database URL to be reported as a server fault, so that clients are not told their request was bad.","Misconfiguration surfaces as a server-side failure, not as a 400 client refusal.",app.py blob_store/_database_url/_STATUS,live probe,FAIL: ERR-14,ERR-14: Server misconfiguration answers as a 400 client refusal: with CAOS_BLOB_ROOT unset even an unknown run gets 400 BLOB_NOT_FOUND; a missing CAOS_DATABASE_URL is reported as STORE_NOT_TRANSACTIONAL.; ERR-27,ERR-14: New STORE_NOT_CONFIGURED for a missing database URL or blob root; store-side refusals map to 503. Tests: test_a_misconfigured_store_is_a_server_fault_not_a_bad_request + 3 updated.,"PASS (re-tested) — story checker, unit and workbench green",Fixed
API-09,HTTP API (server/api),Health endpoint,"As an operator, I want GET /api/health with liveness and readiness, so that the proxy and I can see the deployment is up.","SYSTEM_SPEC §11: one strict model, 200 when store/bundle/blobs hold, 503 otherwise.",docs/SYSTEM_SPEC.md §11; server/api/app.py,live probe,FAIL: ERR-17,"ERR-17: GET /api/health (SYSTEM_SPEC §11) is not served (404), yet the Admin fixture shows a green 'HEALTH · 200' chip and lists a deployment 'worker' SYSTEM_SPEC §1 says does not exist.",ERR-17: Recorded in CLAUDE.md known gaps (Phase 6); admin.json now reads 'HEALTH · NOT SERVED' and lists no worker. Test: admin 'claims no route or process the deployment does not have'.,PASS where fixable; Gap documented (health route not built),Gap documented
IDN-01,Identity (server/api/identity.py),Actor from edge headers,"As an operator, I want identity from the proxy-asserted subject and groups only, so that a browser cannot claim to be someone else.","x-caos-user must be a UUID; role = greatest of known groups in x-forwarded-groups (caos-readers/analysts/admins), READER if none.",identity.py actor_from_headers/_from_groups,pytest test_actor_matrix,"PASS: pytest green on Postgres 17 (543 passed, 2 skipped: live provider needs a key)",,,PASS (re-tested 2026-09-11),Passing
IDN-02,Identity (server/api/identity.py),Role header only when trusted,"As a developer, I want to trust a role header only when explicitly switched on, so that production never trusts it.","x-caos-role used only when CAOS_TRUST_ROLE_HEADER=1, from a closed set (else READER); switch read per request.",identity.py _claimed,pytest test_actor_matrix (test_production_never_trusts_role_header),"PASS: pytest green on Postgres 17 (543 passed, 2 skipped: live provider needs a key)",,,PASS (re-tested 2026-09-11),Passing
STO-01,Store (server/store),Schema applied once,"As an operator, I want the declared schema applied to an empty database and refused on drift, so that a process never meets a database from another build.",Advisory lock; applies schema.sql and records its sha256; same digest → no-op; different → STORE_SCHEMA_DRIFT; autocommit → STORE_NOT_TRANSACTIONAL.,server/store/__init__.py apply_schema,pytest test_store_schema,"PASS: pytest green on Postgres 17 (543 passed, 2 skipped: live provider needs a key)",,,PASS (re-tested 2026-09-11),Passing
STO-02,Store (server/store),Cases and runs,"As an analyst, I want a case to hold runs that start RUNNING with a Decimal budget ceiling, so that every run has a budget from its first row.",create_case(BoundaryText); start_run default ceiling 5.00; non-Decimal ceiling → MONEY_NOT_DECIMAL; run_status/RUN_NOT_FOUND.,server/store/runs.py,pytest test_store_schema/test_runtime,"PASS: pytest green on Postgres 17 (543 passed, 2 skipped: live provider needs a key)",,,PASS (re-tested 2026-09-11),Passing
STO-03,Store (server/store),Attempts,"As the engine, I want each try at a node recorded before the call, so that a charge always has an identity.",start_attempt only on a RUNNING run (else RUN_NOT_RUNNING); appends ATTEMPT_STARTED in the same transaction.,runs.py start_attempt,pytest test_run_events,"PASS: pytest green on Postgres 17 (543 passed, 2 skipped: live provider needs a key)",,,PASS (re-tested 2026-09-11),Passing
STO-04,Store (server/store),Idempotent acceptance,"As the engine, I want accepting an attempt twice to write one artifact, one charge and one event, so that a crash in the commit gap cannot double count.",Float charge refused before any write; run/case read from the attempt; ended run accepts nothing; ON CONFLICT DO NOTHING; event only when the artifact row was inserted.,runs.py accept_attempt,pytest test_run_events (test_terminal_event_is_exactly_once),"PASS: pytest green on Postgres 17 (543 passed, 2 skipped: live provider needs a key)",,,PASS (re-tested 2026-09-11),Passing
STO-05,Store (server/store),Exactly-once terminal event,"As an analyst, I want a run to end exactly once, so that its terminal event is unique.",complete_run/fail_run conditional UPDATE from RUNNING; event only when a row changed.,runs.py _transition,pytest test_run_events/test_postgres_races,"PASS: pytest green on Postgres 17 (543 passed, 2 skipped: live provider needs a key)",,,PASS (re-tested 2026-09-11),Passing
STO-06,Store (server/store),Ordered run events,"As an analyst, I want run events numbered per run in commit order, so that a tail can resume exactly.",append takes the run row lock and allocates max(seq)+1 in one statement; names limited to five RunEvents.,server/store/events.py,pytest test_run_events,"PASS: pytest green on Postgres 17 (543 passed, 2 skipped: live provider needs a key)",,,PASS (re-tested 2026-09-11),Passing
BUD-01,Budget (server/store/budget.py),Reserve before the call,"As a budget holder, I want every provider call to reserve money first and be refused at the ceiling, so that no run overspends.",reserve under the run row lock; amount > remaining → BUDGET_CEILING_REACHED; non-Decimal → MONEY_NOT_DECIMAL; commits on its own.,budget.py reserve,pytest test_budget,"PASS: pytest green on Postgres 17 (543 passed, 2 skipped: live provider needs a key)",,,PASS (re-tested 2026-09-11),Passing
BUD-02,Budget (server/store/budget.py),Reservations never released,"As a budget holder, I want an indeterminate call's reservation kept, so that a retry cannot spend money already committed.",No release path; a retry is a new attempt and a new reservation.,budget.py,pytest test_budget,"PASS: pytest green on Postgres 17 (543 passed, 2 skipped: live provider needs a key)",,,PASS (re-tested 2026-09-11),Passing
BUD-03,Budget (server/store/budget.py),Concurrent reservations,"As a budget holder, I want two simultaneous reservations at the ceiling resolved to one, so that races cannot overspend.",Row lock serialises; exactly one of two succeeds at the ceiling.,budget.py reserve,pytest test_budget/test_postgres_races,"PASS: pytest green on Postgres 17 (543 passed, 2 skipped: live provider needs a key)",,,PASS (re-tested 2026-09-11),Passing
GAT-01,Human gates (server/store/gates.py),Digest-bound approval,"As an approver, I want my approval bound to the preview digest and input fingerprint I saw, so that it never applies to content I did not review.",approve_gate is an APPROVER governed write storing preview_sha256 + input_fingerprint; re-approval replaces; gate_state RELEASED only while the fingerprint matches.,gates.py approve_gate/gate_state,pytest test_gates,"PASS: pytest green on Postgres 17 (543 passed, 2 skipped: live provider needs a key)",,,PASS (re-tested 2026-09-11),Passing
GAT-02,Human gates (server/store/gates.py),Source-set fingerprint,"As an approver, I want the fingerprint to ignore admission order and move on withdrawal, so that a gate reopens exactly when evidence changes.","Digest over live sources' document digests, sorted.",gates.py source_set_fingerprint,pytest test_gates,"PASS: pytest green on Postgres 17 (543 passed, 2 skipped: live provider needs a key)",,,PASS (re-tested 2026-09-11),Passing
GAT-03,Human gates (server/store/gates.py),Withdraw a source,"As an analyst, I want to withdraw a source as a recorded decision, so that no run reads it and approvals over it reopen.",WRITER governed write; source leaves live_sources (never deleted); reads refuse; gate reopens; the audit chain records only a withdrawal that happened.,gates.py withdraw_source,pytest test_gates,FAIL: ERR-12,"ERR-12: withdraw_source writes a SOURCE_WITHDRAWN audit event even when nothing was withdrawn: a second withdrawal, another case's source and an unknown id all 'succeed' (4 audit entries for 1 withdrawal).","ERR-12: withdraw_source refuses EVIDENCE_NOT_AVAILABLE when its UPDATE changes no row, rolling back before any audit event. Test: test_withdrawing_what_is_not_live_here_is_refused_and_recorded_nowhere.","PASS (re-tested) — story checker, unit and workbench green",Fixed
AUD-01,"Governed writes and audit (server/store/audit.py, members.py)",Authority at commit time,"As an approver, I want standing rechecked inside the transaction that commits, so that a revoked member cannot land a decision.","governed_write locks the chain head, checks live standing (floor), runs the write, appends the audit event, commits; NOT_AUTHORISED otherwise; any failure rolls back.",audit.py governed_write,pytest test_governed_writes,"PASS: pytest green on Postgres 17 (543 passed, 2 skipped: live provider needs a key)",,,PASS (re-tested 2026-09-11),Passing
AUD-02,"Governed writes and audit (server/store/audit.py, members.py)",Hash-chained audit,"As an auditor, I want each case's audit events hash-chained, so that an in-place edit is detectable.","entry = sha256(previous, case, seq, actor, action, payload digest); verify_chain; audit_head; separate chain per case; payload digest only.",audit.py,pytest test_governed_writes,"PASS: pytest green on Postgres 17 (543 passed, 2 skipped: live provider needs a key)",,,PASS (re-tested 2026-09-11),Passing
AUD-03,"Governed writes and audit (server/store/audit.py, members.py)",Case standing,"As an operator, I want per-case standing READER < WRITER < APPROVER < ADMIN with revocation that keeps the row, so that history stays explicable.","grant (upsert, clears revocation), revoke (sets revoked_at), standing_of (None for stranger/revoked), satisfies (floor).",server/store/members.py,pytest test_governed_writes,"PASS: pytest green on Postgres 17 (543 passed, 2 skipped: live provider needs a key)",,,PASS (re-tested 2026-09-11),Passing
EVS-01,Evidence (server/evidence),"Admit a pack, all or nothing","As an analyst, I want a pack admitted whole or refused whole, so that no run pins a half-admitted set.",Empty → SOURCE_PACK_EMPTY; unknown case → CASE_NOT_FOUND; everything extracted and packed before any write; bytes to the blob store; tokens and blocks per source.,server/evidence/ingest.py admit_pack,pytest test_ingestion,"PASS: pytest green on Postgres 17 (543 passed, 2 skipped: live provider needs a key)",,,PASS (re-tested 2026-09-11),Passing
EVS-02,Evidence (server/evidence),Text-less documents refused,"As an analyst, I want a scanned (text-less) document refused at admission, so that I do not pay for a run that can never cite it.",Any document yielding no tokens → SOURCE_HAS_NO_TEXT before writing.,ingest.py,pytest test_ingestion/test_pdf_extraction,"PASS: pytest green on Postgres 17 (543 passed, 2 skipped: live provider needs a key)",,,PASS (re-tested 2026-09-11),Passing
EVS-03,Evidence (server/evidence),Blocks cross the boundary at admission,"As an analyst, I want a line with forbidden characters to refuse the pack, so that no pinned source is unreadable.","One block per line (b000000…), text via BoundaryText.of at packing.",ingest.py _blocks,pytest test_awkward_evidence/test_ingestion,"PASS: pytest green on Postgres 17 (543 passed, 2 skipped: live provider needs a key)",,,PASS (re-tested 2026-09-11),Passing
EVS-04,Evidence (server/evidence),Plain-text extraction,"As an analyst, I want .txt sources tokenised with stable page/line/region rectangles, so that quotes from them can be anchored.",UTF-8 only (else SOURCE_NOT_READABLE); fixed 7.2×12 pt cells; 60 lines per page; blank line starts a new region; whitespace split matches citation split.,server/evidence/extract.py,pytest test_extraction,"PASS: pytest green on Postgres 17 (543 passed, 2 skipped: live provider needs a key)",,,PASS (re-tested 2026-09-11),Passing
EVS-05,Evidence (server/evidence),PDF extraction,"As an analyst, I want PDF sources tokenised with real character rectangles, so that a citation highlights the actual text.","pdfminer LTTextBox→region, LTTextLine→line, LTChar union → token; malformed → SOURCE_NOT_READABLE.",server/evidence/pdf.py,pytest test_pdf_extraction,"PASS: pytest green on Postgres 17 (543 passed, 2 skipped: live provider needs a key)",,,PASS (re-tested 2026-09-11),Passing
EVS-06,Evidence (server/evidence),read_evidence fails closed,"As a module, I want one block of one live source or a typed refusal with no text, so that nothing leaks on refusal.",Malformed block id refused before I/O; unknown/withdrawn → EVIDENCE_NOT_AVAILABLE from None; one row fetch; page returned with text.,server/evidence/read.py,pytest test_read_evidence,"PASS: pytest green on Postgres 17 (543 passed, 2 skipped: live provider needs a key)",,,PASS (re-tested 2026-09-11),Passing
EVS-07,Evidence (server/evidence),Coordinate-anchored citations,"As an analyst, I want every quote re-located exactly once in the token index, never across a column, so that a highlight covers only what was quoted.",Exactly-once match within a region; one rectangle per line; NOT_LOCATED / AMBIGUOUS / NOT_DELIVERED; lookups batched per page and source.,server/evidence/citations.py,pytest test_read_evidence/test_module_execution,"PASS: pytest green on Postgres 17 (543 passed, 2 skipped: live provider needs a key)",,,PASS (re-tested 2026-09-11),Passing
RTE-01,"Route resolution (server/engine/route.py, store/routes.py)",Pure resolution from typed edges,"As an analyst, I want the route resolved from the catalog's typed edges only, so that OPTIONAL and ADVISORY edges are not enforced as mandatory.",profile['edges'] restricted to route nodes; unknown profile/selection → ROUTE_PROFILE_UNKNOWN / ROUTE_SELECTION_UNKNOWN; no I/O.,route.py resolve_route,pytest test_route_resolution,"PASS: pytest green on Postgres 17 (543 passed, 2 skipped: live provider needs a key)",,,PASS (re-tested 2026-09-11),Passing
RTE-02,"Route resolution (server/engine/route.py, store/routes.py)",Model extension (CP-CF),"As an analyst, I want CP-CF appended at stage 100 waiting on CP-1, CP-2G and CP-4, so that the forecast never runs on missing inputs.",REQUIRED edges from all three owners; missing owner → ROUTE_EXTENSION_OWNER_MISSING.,route.py _model_node,pytest test_route_resolution,"PASS: pytest green on Postgres 17 (543 passed, 2 skipped: live provider needs a key)",,,PASS (re-tested 2026-09-11),Passing
RTE-03,"Route resolution (server/engine/route.py, store/routes.py)",Research extension (CP-DR),"As an analyst, I want a research brief to append CP-DR at stage 99, so that research is part of the pinned route.",CP-DR node at stage 99; a duplicate module → ROUTE_DUPLICATE_MODULE.,route.py,pytest test_route_resolution,"PASS: pytest green on Postgres 17 (543 passed, 2 skipped: live provider needs a key)",,,PASS (re-tested 2026-09-11),Passing
RTE-04,"Route resolution (server/engine/route.py, store/routes.py)",Deterministic dependency order,"As an analyst, I want the node order to be a function of the route, so that the digest means something.","Kahn order with ties on (stage, route_node_id); cycle → ROUTE_HAS_A_CYCLE; duplicate module → ROUTE_DUPLICATE_MODULE.",route.py dependency_order,pytest test_route_resolution,"PASS: pytest green on Postgres 17 (543 passed, 2 skipped: live provider needs a key)",,,PASS (re-tested 2026-09-11),Passing
RTE-05,"Route resolution (server/engine/route.py, store/routes.py)",Node states and soft edges,"As an analyst, I want REQUIRED/CONDITIONAL/QA_GATE to block and OPTIONAL/ADVISORY to restrict unless the source is ready, so that RESTRICTED nodes run with limitations.",COMPLETE if accepted; blocking unmet → BLOCKED; soft unmet whose source is READY/READY_WITH_LIMITATIONS → BLOCKED; else RESTRICTED; readiness only from CP-0's artifact.,route.py node_states/_state_for/readiness_from,pytest test_route_resolution,"PASS: pytest green on Postgres 17 (543 passed, 2 skipped: live provider needs a key)",,,PASS (re-tested 2026-09-11),Passing
RTE-06,"Route resolution (server/engine/route.py, store/routes.py)",Frontier and reasons,"As an analyst, I want the frontier and each node's unmet typed edges, so that every state has a reason.",frontier = RUNNABLE + RESTRICTED in route order; waiting_on typed; limitations_of = soft edges; unknown node → ORCHESTRATION_NODE_NOT_IN_ROUTE.,route.py,pytest test_route_resolution,"PASS: pytest green on Postgres 17 (543 passed, 2 skipped: live provider needs a key)",,,PASS (re-tested 2026-09-11),Passing
RTE-07,"Route resolution (server/engine/route.py, store/routes.py)","Pin once, replay identically","As an approver, I want the resolved route pinned once with its digest, so that execution and replay read only the pin.",pin_route writes row + ROUTE_PINNED in one transaction; same digest replay accepted; different → ROUTE_ALREADY_PINNED; resolved_route rebuilds the pin.,server/store/routes.py,pytest test_route_pinning,"PASS: pytest green on Postgres 17 (543 passed, 2 skipped: live provider needs a key)",,,PASS (re-tested 2026-09-11),Passing
RTE-08,"Route resolution (server/engine/route.py, store/routes.py)",Frozen predicates,"As an approver, I want CONDITIONAL predicates frozen into the digest, so that replay cannot change them.",Predicates sorted into the route and digest; not evaluated (CONDITIONAL blocks like REQUIRED — known gap).,route.py,pytest test_route_resolution,"PASS: pytest green on Postgres 17 (543 passed, 2 skipped: live provider needs a key)",,,PASS (re-tested 2026-09-11),Passing
RTM-01,"Execution loop (server/engine/runtime.py, methodology/runner.py)",Frontier loop,"As an analyst, I want the run to execute every frontier node until none remain, so that the route runs to its end.",while frontier: start attempt → reserve estimate → provider → accept; then complete_run.,runtime.py run_route/_run_node,pytest test_runtime,"PASS: pytest green on Postgres 17 (543 passed, 2 skipped: live provider needs a key)",,,PASS (re-tested 2026-09-11),Passing
RTM-02,"Execution loop (server/engine/runtime.py, methodology/runner.py)",Recovery is recomputation,"As an operator, I want a restarted run to continue without re-running completed nodes, so that a crash loses at most one attempt.",States recomputed from accepted artifacts each pass; no checkpoint file.,runtime.py,pytest test_runtime (test_recovery_is_recomputation),"PASS: pytest green on Postgres 17 (543 passed, 2 skipped: live provider needs a key)",,,PASS (re-tested 2026-09-11),Passing
RTM-03,"Execution loop (server/engine/runtime.py, methodology/runner.py)",Charge what the provider reported,"As a budget holder, I want the ledger to record the provider's reported cost, not the estimate, so that spend is real.",ModuleProvider returns charge = completion usage.cost; artifact = canonical host envelope in the blob store.,server/methodology/runner.py,pytest test_loop_charges,"PASS: pytest green on Postgres 17 (543 passed, 2 skipped: live provider needs a key)",,,PASS (re-tested 2026-09-11),Passing
MTH-01,Methodology (server/methodology),Bundle identity and carve-out,"As an operator, I want the bundle's own build id and a CP-PARSE carve-out to CP-0, so that runs pin a real build.",build_id from DEPLOY_V_INTEGRITY_v1.json; manifest_sha256; skill_of follows _CARVE_OUTS; unknown → AUTHORITY_MODULE_UNKNOWN.,bundle.py Bundle,pytest test_methodology_bundle/test_bundle_pin,"PASS: pytest green on Postgres 17 (543 passed, 2 skipped: live provider needs a key)",,,PASS (re-tested 2026-09-11),Passing
MTH-02,Methodology (server/methodology),Bytes verified at use,"As an auditor, I want every authority file hashed against the manifest when read, so that a moved file cannot run.","verified_bytes refuses moved, missing or unnamed files as AUTHORITY_BYTES_MISMATCH; code only.",bundle.py verified_bytes,pytest test_methodology_bundle (test_authority_bytes_mismatch_refuses),"PASS: pytest green on Postgres 17 (543 passed, 2 skipped: live provider needs a key)",,,PASS (re-tested 2026-09-11),Passing
MTH-03,Methodology (server/methodology),Whole-file authority and digest,"As an auditor, I want a module's authority assembled from whole files and digested with the build, so that two builds never look alike.",assemble_authority reads every manifest file (no SKILL.md slicing); authority_digest over build + file digests.,bundle.py,pytest test_methodology_bundle,"PASS: pytest green on Postgres 17 (543 passed, 2 skipped: live provider needs a key)",,,PASS (re-tested 2026-09-11),Passing
MTH-04,Methodology (server/methodology),Strict canonical envelope,"As an auditor, I want module output parsed as a closed, bounded envelope, so that undeclared fields and uncited claims never reach an artifact.","Only {claims}; 1..50 claims of {statement, citations}; citations {source_id, page, matched_text}; undeclared → ENVELOPE_UNDECLARED_FIELD; uncited → ENVELOPE_UNCITED_CLAIM; undelivered → CITATION_NOT_DELIVERED; else ENVELOPE_INVALID.",server/methodology/envelope.py,pytest test_module_execution,"PASS: pytest green on Postgres 17 (543 passed, 2 skipped: live provider needs a key)",,,PASS (re-tested 2026-09-11),Passing
MTH-05,Methodology (server/methodology),Execute one module,"As an analyst, I want a module asked once with its verified authority and delivered evidence, and its citations anchored before storage, so that the artifact is the host's.","Prompt = instruction + whole SKILL.md + evidence (source_id, page, text); provider asked once (json_object); citations verified; envelope carries host module id, build and authority digest.",server/methodology/executor.py,pytest test_module_execution (test_cp1_produces_canonical_envelope_with_anchored_citations); live: CAOS_REQUIRE_PROVIDER=1,"PASS: pytest green on Postgres 17 (543 passed, 2 skipped: live provider needs a key)",,,"PASS (re-tested 2026-09-11); the live CP-1 run passed with CAOS_REQUIRE_PROVIDER=1 on main 4055969, run in the session holding the key (test_cp1_produces_canonical_envelope_with_anchored_citations)",Passing
MTH-06,Methodology (server/methodology),Delivery through the boundary,"As an analyst, I want evidence delivered through read_block, so that withdrawal is checked at every delivery.","deliver() reads each (source, block) via read_block with its page.",executor.py deliver,pytest test_module_execution,"PASS: pytest green on Postgres 17 (543 passed, 2 skipped: live provider needs a key)",,,PASS (re-tested 2026-09-11),Passing
MTH-07,Methodology (server/methodology),Vendored bundle pinned,"As an operator, I want the vendored bundle's bytes and catalog facts pinned by test, so that the methodology cannot drift unnoticed.","Every manifest file hashes as recorded; 25 OPTIONAL, 22 ADVISORY, 1 QA_GATE, 44 REQUIRED edges; 18 pathways; verify_package.py passes.",tests/test_bundle_pin.py; vendor/deploy-v,pytest test_bundle_pin,"PASS: pytest green on Postgres 17 (543 passed, 2 skipped: live provider needs a key)",,,PASS (re-tested 2026-09-11),Passing
PRV-01,Provider (server/provider.py),One OpenRouter call,"As a budget holder, I want one non-streaming call per attempt to the configured model with fallbacks off, so that a run has one provider identity.","POST {base}/chat/completions with model, messages, stream false, provider.allow_fallbacks false, optional response_format json_object; Bearer key; 120 s timeout.",provider.py OpenRouter,pytest test_provider; live: CAOS_REQUIRE_PROVIDER=1,"PASS: pytest green on Postgres 17 (543 passed, 2 skipped: live provider needs a key)",,,"PASS (re-tested 2026-09-11); the live call passed with CAOS_REQUIRE_PROVIDER=1, run in the session holding the key (test_the_live_provider_returns_a_completion, unchanged on main 4055969)",Passing
PRV-02,Provider (server/provider.py),Closed refusal table,"As an operator, I want provider failures mapped to a closed set of codes, so that retries and budgets behave predictably.",400/401/402/403/404/413/422 → PROVIDER_CALL_INVALID; 408/429/5xx/socket → PROVIDER_UNAVAILABLE; other non-200 → PROVIDER_RESPONSE_INVALID; finish length → TRUNCATED; content_filter → REFUSED; missing model → NOT_CONFIGURED.,provider.py,pytest test_provider,"PASS: pytest green on Postgres 17 (543 passed, 2 skipped: live provider needs a key)",,,PASS (re-tested 2026-09-11),Passing
PRV-03,Provider (server/provider.py),"Decimal charge, no body quoted","As a budget holder, I want the charge read as Decimal from usage.cost and no response text in any refusal, so that money is exact and evidence does not leak.",parse_float=Decimal; missing cost → PROVIDER_RESPONSE_INVALID; all raises from None.,provider.py _decode/_completion,pytest test_provider,"PASS: pytest green on Postgres 17 (543 passed, 2 skipped: live provider needs a key)",,,PASS (re-tested 2026-09-11),Passing
PRV-04,Provider (server/provider.py),HTTPS-only transport,"As an operator, I want the transport to speak only HTTPS and never follow redirects, so that the key and prompt never cross in clear text.",Scheme ≠ https → PROVIDER_NOT_CONFIGURED; opener with HTTPS handler only; HTTP errors typed by status.,provider.py UrllibTransport/_opener,pytest test_provider,"PASS: pytest green on Postgres 17 (543 passed, 2 skipped: live provider needs a key)",,,PASS (re-tested 2026-09-11),Passing
CF-01,Cash-flow forecast (server/calculators/cash_flow.py),Decimal-only inputs,"As an analyst, I want every numeric parsed from a string as Decimal and floats refused, so that no cent is lost.",float → METHODOLOGY_INPUT_INVALID; Decimal/str/int parsed; non-finite refused; output numerics are strings.,cash_flow.py _decimal,pytest test_cash_flow_forecast,"PASS: pytest green on Postgres 17 (543 passed, 2 skipped: live provider needs a key)",,,PASS (re-tested 2026-09-11),Passing
CF-02,Cash-flow forecast (server/calculators/cash_flow.py),Requested horizon validated,"As an analyst, I want each (case, period) requested once with ids, so that completeness is answerable.","Empty periods, missing ids or duplicate pairs → METHODOLOGY_INPUT_INVALID.",cash_flow.py _periods,pytest test_cash_flow_forecast,"PASS: pytest green on Postgres 17 (543 passed, 2 skipped: live provider needs a key)",,,PASS (re-tested 2026-09-11),Passing
CF-03,Cash-flow forecast (server/calculators/cash_flow.py),Work-factor ceilings,"As an operator, I want periods, cases and facilities bounded before arithmetic, so that model input cannot make a calculation expensive.","≤40 periods per case, ≤6 cases, ≤40 facilities, periods×cases×(1+facilities) ≤ 100000.",cash_flow.py _enforce_work_factor,pytest test_cash_flow_forecast,"PASS: pytest green on Postgres 17 (543 passed, 2 skipped: live provider needs a key)",,,PASS (re-tested 2026-09-11),Passing
CF-04,Cash-flow forecast (server/calculators/cash_flow.py),Identities and explicit residual,"As an analyst, I want closing debt and cash computed from the two identities and compared with what the model stated, so that the residual is never forced to zero.","closing_debt/closing_cash identities; residual = max(|Δdebt|, |Δcash|); > tolerance → unavailable with reason.",cash_flow.py _project_period,pytest test_cash_flow_forecast (test_forecast_residual_is_not_forced_to_zero),"PASS: pytest green on Postgres 17 (543 passed, 2 skipped: live provider needs a key)",,,PASS (re-tested 2026-09-11),Passing
CF-05,Cash-flow forecast (server/calculators/cash_flow.py),Forward propagation,"As an analyst, I want every period after an unavailable one unavailable too, so that nothing reads as zero growth.",Later periods carry 'a period earlier in this case is unavailable: P' with null figures.,cash_flow.py _project_case/_unavailable,pytest test_cash_flow_forecast (test_forecast_unavailability_propagates),"PASS: pytest green on Postgres 17 (543 passed, 2 skipped: live provider needs a key)",,,PASS (re-tested 2026-09-11),Passing
CF-06,Cash-flow forecast (server/calculators/cash_flow.py),Zero denominators,"As an analyst, I want a ratio against zero to be null, never infinite, so that metrics stay finite.",_ratio returns None when the denominator is 0.,cash_flow.py _ratio,pytest test_cash_flow_forecast,"PASS: pytest green on Postgres 17 (543 passed, 2 skipped: live provider needs a key)",,,PASS (re-tested 2026-09-11),Passing
CF-07,Cash-flow forecast (server/calculators/cash_flow.py),Driver readiness,"As an analyst, I want a driver that is not READY or missing refused, so that the projection never runs on unapproved drivers.",status ≠ READY → FORECAST_DRIVER_NOT_READY; missing driver or stated closing → METHODOLOGY_INPUT_INVALID.,cash_flow.py _Inputs.driver_for/_drivers,pytest test_cash_flow_forecast,"PASS: pytest green on Postgres 17 (543 passed, 2 skipped: live provider needs a key)",,,PASS (re-tested 2026-09-11),Passing
CF-08,Cash-flow forecast (server/calculators/cash_flow.py),Completeness flag,"As an analyst, I want status complete only when every requested period computed, so that one good period cannot stand in for the horizon.",status 'complete' iff rows exist and none unavailable; checks list per computed period.,cash_flow.py cash_flow_forecast,pytest test_cash_flow_forecast (test_forecast_complete_requires_every_requested_period),"PASS: pytest green on Postgres 17 (543 passed, 2 skipped: live provider needs a key)",,,PASS (re-tested 2026-09-11),Passing
DLV-01,Deliverable and filing (server/deliverable),Pure one-file render,"As an approver, I want the deliverable rendered from the frozen payload alone as one self-contained HTML file, so that it reads the same in ten years.",No I/O or clock; byte-identical for one payload; PENDING APPROVAL; artifacts in order with every claim's citations; narrative; provenance; HTML-escaped.,server/deliverable/render.py,pytest test_deliverable_render,"PASS: pytest green on Postgres 17 (543 passed, 2 skipped: live provider needs a key)",,,PASS (re-tested 2026-09-11),Passing
DLV-02,Deliverable and filing (server/deliverable),Render refuses bad payloads,"As an approver, I want a payload with an uncited claim or missing fields refused, so that an uncited figure never reaches paper.",No artifacts / non-mapping / missing text → DELIVERABLE_PAYLOAD_INVALID; claim without citations → DELIVERABLE_UNCITED_FIGURE.,render.py,pytest test_deliverable_render,"PASS: pytest green on Postgres 17 (543 passed, 2 skipped: live provider needs a key)",,,PASS (re-tested 2026-09-11),Passing
DLV-03,Deliverable and filing (server/deliverable),Opinion on an exact revision,"As an analyst, I want my opinion bound to a revision and its payload digest, so that signing never binds a later draft.","sign_opinion: APPROVER governed write of (revision, case, digest, signer).",server/deliverable/filing.py sign_opinion,pytest test_deliverable,"PASS: pytest green on Postgres 17 (543 passed, 2 skipped: live provider needs a key)",,,PASS (re-tested 2026-09-11),Passing
DLV-04,Deliverable and filing (server/deliverable),Freeze,"As an approver, I want freeze to refuse without a sign-off or when the bytes moved since signing, and to be recorded once per case revision, so that frozen bytes are the reviewed bytes.",No opinion → DELIVERABLE_NOT_SIGNED; digest ≠ signed → DELIVERABLE_MOVED_SINCE_SIGNING; APPROVER governed write; a revision is frozen once per case with a typed refusal on repeat.,filing.py freeze; store/schema.sql deliverable_publications,pytest test_deliverable,FAIL: ERR-11,"ERR-11: deliverable_publications is keyed on revision_id alone, so a second case cannot freeze its own 'rev_3' once any case has; that collision, and freezing the same revision twice, escape as an untyped psycopg UniqueViolation instead of a typed refusal.; ERR-25; ERR-26","ERR-11: deliverable_publications keyed (case_id, revision_id), opinions keyed by case first; a repeat freeze refuses DELIVERABLE_ALREADY_FROZEN inside the governed write (no audit entry). Tests: test_two_cases_each_freeze_their_own_revision_of_one_name, test_a_revision_is_frozen_once.","PASS (re-tested) — story checker, unit and workbench green",Fixed
DLV-05,Deliverable and filing (server/deliverable),Independent filing and receipt,"As an approver, I want filing refused to anyone who signed or froze the revision, and a detached receipt written, so that one person can never occupy every role.",Not frozen → DELIVERABLE_NOT_FROZEN; filer who signed an opinion on the revision or froze it → APPROVER_NOT_INDEPENDENT; second filing → DELIVERABLE_ALREADY_FILED; receipt with audit head.,filing.py file_deliverable,pytest test_deliverable (test_filing_refuses_the_opinion_signer),FAIL: ERR-13,"ERR-13: Filing checks independence against the latest opinion's signer only; an approver who signed an earlier opinion on the same revision can file it. | ERR-24: file_deliverable named the latest signer on the revision, so an opinion signed on other bytes after the freeze was paired on the receipt with the frozen digest it never signed.; ERR-25; ERR-26",ERR-13: file_deliverable refuses anyone who signed any opinion on the revision (or froze it). Test: test_filing_refuses_every_signer_of_the_revision. | ERR-24: file_deliverable reads every signature once (_signatures) and names the latest signer whose digest is the frozen payload; the same rows give the independence set. Test: test_the_receipt_names_the_signer_of_the_frozen_bytes.,"PASS (re-tested) — story checker, unit and workbench green",Fixed
DLV-06,Deliverable and filing (server/deliverable),Verifiable audit package,"As an auditor, I want a deterministic package verifiable with the standard library alone, so that a filing can be checked anywhere.","build_package: fixed timestamps; verify_package: payload digest = receipt, three named distinct roles, export re-renders byte-identically; write_package never overwrites.",server/deliverable/package.py,pytest test_deliverable (test_audit_package_verifies_with_stdlib_alone),"PASS: pytest green on Postgres 17 (543 passed, 2 skipped: live provider needs a key)",,,PASS (re-tested 2026-09-11),Passing
QUA-01,Qualification (server/qualification),Host never mints QUALIFIED,"As a reviewer, I want QUALIFIED to exist only as a verdict I signed, so that the system cannot certify itself.","Assurance {ORCHESTRATION_PROOF, QUALIFIED}; only Verdict.assurance returns QUALIFIED.",qualification/__init__.py; verdict.py,pytest test_qualification (test_a_host_control_reads_orchestration_proof_never_qualified),"PASS: pytest green on Postgres 17 (543 passed, 2 skipped: live provider needs a key)",,,PASS (re-tested 2026-09-11),Passing
QUA-02,Qualification (server/qualification),Orchestration proof,"As a reviewer, I want the host to re-prove a run ran as pinned against pinned sources with every citation re-located, so that the proof reflects the store now.","Refuses NOTHING_TO_PROVE, ROUTE_NOT_PINNED, NODE_NOT_IN_ROUTE, BUILD_MOVED, SOURCE_NOT_PINNED, CITATION_LOST, ARTIFACT_UNREADABLE; returns counts.",server/qualification/proof.py,pytest test_orchestration_proof,"PASS: pytest green on Postgres 17 (543 passed, 2 skipped: live provider needs a key)",,,PASS (re-tested 2026-09-11),Passing
QUA-03,Qualification (server/qualification),Set digest and measurability,"As a reviewer, I want the qualification set digested over cases, routes, documents and keys, and an empty set refused, so that a verdict binds exactly one set.",Order-independent digest; label via BoundaryText; empty set/case/documents/expects → QUALIFICATION_SET_EMPTY.,matrix.py qualification_set_digest/assert_measurable,pytest test_qualification_matrix,"PASS: pytest green on Postgres 17 (543 passed, 2 skipped: live provider needs a key)",,,PASS (re-tested 2026-09-11),Passing
QUA-04,Qualification (server/qualification),Matrix,"As a reviewer, I want one row per case with proof status and met/missed expected citations, so that I judge the evidence found.",Duplicate labels → QUALIFICATION_SET_AMBIGUOUS; missing run → QUALIFICATION_RUN_MISSING; rows carry proven/refusal/met/missed; module from pin.,matrix.py build_matrix,pytest test_qualification_matrix,"PASS: pytest green on Postgres 17 (543 passed, 2 skipped: live provider needs a key)",,,PASS (re-tested 2026-09-11),Passing
QUA-05,Qualification (server/qualification),Harness,"As a reviewer, I want the set checked whole before any spend, each case run through the normal path, and the set stopped at the first run refusal, so that qualification is honest and bounded.","measurable, distinct, answerable, routes resolved, affordable (CEILING×cases ≤ ceiling) before spending; per case admit → pin → run; stop on refusal; matrix None if stopped; unrun nodes with state.",server/qualification/harness.py perform,pytest test_qualification_harness,"PASS: pytest green on Postgres 17 (543 passed, 2 skipped: live provider needs a key)",,,PASS (re-tested 2026-09-11),Passing
QUA-06,Qualification (server/qualification),On-disk set,"As a reviewer, I want a qualification set read from a directory with a closed manifest, so that two people can hold the same set.",qualification.json with only 'cases'; closed case/expect keys; documents inside the root (escape → QUALIFICATION_SET_PATH_ESCAPES); malformed → QUALIFICATION_SET_FILE_INVALID; same digest as in-memory.,server/qualification/on_disk.py,pytest test_qualification_on_disk,"PASS: pytest green on Postgres 17 (543 passed, 2 skipped: live provider needs a key)",,,PASS (re-tested 2026-09-11),Passing
QUA-07,Qualification (server/qualification),Verdict reader,"As a reviewer, I want my verdict read only with all six bindings and while current, so that a stale or partial signature is refused.","provider, qualification_set_sha256, build_id, decided_at, expires_at, reviewer; VERDICT_INCOMPLETE/BINDING_INVALID/UNDECLARED_FIELD/EXPIRED; now passed in.",server/qualification/verdict.py,pytest test_qualification (test_verdict_binds_…),"PASS: pytest green on Postgres 17 (543 passed, 2 skipped: live provider needs a key)",,,PASS (re-tested 2026-09-11),Passing
BND-01,"Primitives (boundary text, blobs, refusals)",BoundaryText,"As an auditor, I want every string reaching pinned state normalised and screened, so that bidi tricks and control characters never reach a record.","NFC before the length bound (4096 default); refuses bidi overrides/isolates, Cc except CR/LF/TAB, lone surrogates.",server/boundary_text.py,pytest test_boundary_text,"PASS: pytest green on Postgres 17 (543 passed, 2 skipped: live provider needs a key)",,,PASS (re-tested 2026-09-11),Passing
BND-02,"Primitives (boundary text, blobs, refusals)",Content-addressed blob store,"As an operator, I want bytes stored under their sha256 atomically and verified on read, so that a stored document cannot be silently replaced.","put: temp file + fsync + rename + dir fsync, returns digest; get re-hashes (BLOB_DIGEST_MISMATCH / BLOB_NOT_FOUND); non-digest address → BLOB_ADDRESS_INVALID.",server/blobs.py,pytest test_blob_store,"PASS: pytest green on Postgres 17 (543 passed, 2 skipped: live provider needs a key)",,,PASS (re-tested 2026-09-11),Passing
BND-03,"Primitives (boundary text, blobs, refusals)",Typed refusals,"As an operator, I want every refusal to carry only a code from a closed set, so that no text leaks through errors.",Refusal(code) with repr 'Refusal(CODE)'; closed RefusalCode enum.,server/refusals.py,pytest (all),"PASS: pytest green on Postgres 17 (543 passed, 2 skipped: live provider needs a key)",,,PASS (re-tested 2026-09-11),Passing
TOOL-01,"Repository gates (scripts, CI)",Vocabulary gate,"As a developer, I want identifiers using a banned synonym refused, so that one concept has one spelling.",Python and TS gates enforce the same ENFORCED set; drift between CONTEXT.md and NOT_ENFORCED refused.,scripts/check_vocabulary.py; frontend/scripts/check-vocabulary.mjs,pytest test_vocabulary_rules; make lint,"PASS: pytest green on Postgres 17 (543 passed, 2 skipped: live provider needs a key)",,,PASS (re-tested 2026-09-11),Passing
TOOL-02,"Repository gates (scripts, CI)",Untested-definition gate,"As a developer, I want a public definition no test names refused, so that untested code is visible.",Module-level public functions/classes must appear as a whole word in tests/; scanning nothing is a failure.,scripts/check_tested.py; frontend/scripts/check-tested.mjs,pytest test_gate_scripts; make lint,"PASS: pytest green on Postgres 17 (543 passed, 2 skipped: live provider needs a key)",,,PASS (re-tested 2026-09-11),Passing
TOOL-03,"Repository gates (scripts, CI)",I/O budget gate,"As a developer, I want every request-path module to declare IO_BUDGET, so that round trips are budgeted.",io_budget.py --assert fails when any server/api module lacks IO_BUDGET.,scripts/io_budget.py,pytest test_gate_scripts; make test,"PASS: pytest green on Postgres 17 (543 passed, 2 skipped: live provider needs a key)",,,PASS (re-tested 2026-09-11),Passing
TOOL-04,"Repository gates (scripts, CI)",Scanner floors,"As a developer, I want a coverage/bandit/trivy report that scanned nothing refused, so that a vacuous green is impossible.","scan_floors.py checks cobertura, bandit (parse errors, cover/unscanned) and trivy targets.",scripts/scan_floors.py,pytest test_gate_scripts/test_phase0_gates,"PASS: pytest green on Postgres 17 (543 passed, 2 skipped: live provider needs a key)",,,PASS (re-tested 2026-09-11),Passing
TOOL-05,"Repository gates (scripts, CI)",Phase exit tests exist,"As a developer, I want every exited phase's named exit tests to exist, so that a phase cannot be declared done without them.",test_every_exit_test_of_an_exited_phase_exists reads REBUILD_PLAN and the suites (Python and workspace).,tests/test_phase_exits.py,pytest test_phase_exits,"PASS: pytest green on Postgres 17 (543 passed, 2 skipped: live provider needs a key)",,,PASS (re-tested 2026-09-11),Passing
TOOL-06,"Repository gates (scripts, CI)",CI hygiene,"As a developer, I want pinned actions, hashed installs and no literal bidi controls, so that CI is reproducible and safe.",Workflow and repository hygiene assertions.,tests/test_ci_hygiene.py,pytest test_ci_hygiene,"PASS: pytest green on Postgres 17 (543 passed, 2 skipped: live provider needs a key)",,,PASS (re-tested 2026-09-11),Passing
ERR-01,Error log,UX copy,Affects: WS-09 CH-02 DIR-06 UPL-03 UPL-05 ANA-16 RUN-05 RUN-06 MOD-07 COM-11 INT-03,"Every refused control states a true, analyst-facing reason and what would clear it.",controls/RefusedControl.tsx ACTION_UNPLACED; chrome/Rail.tsx; sections/directory/IntakeSuggestions.tsx; sections/upload/UploadSection.tsx,story checker (title text of every aria-disabled control),FAIL (found in testing),"Refusal reasons name build phases that have already exited ('Phase 2 admits…', 'Phase 5 places the provider', 'Phase 6 derives identity…', 'the backend phase that owns this action lands (docs/REBUILD_PLAN.md)'). All are false today and developer-facing: the store, provider and identity exist; what is missing is an HTTP route.","Every unplaced refusal now names the real blocker (READ_ONLY_API: 'this build's API serves only the run document and its event stream'); Rail Ask → ASK_UNPLACED, Sign out → SIGN_OUT_UNPLACED (the authenticating proxy owns sign-out). Tests: helpers/chrome/directory/upload 'names what clears it today'.",PASS: named test green (2026-09-11),Fixed
ERR-02,Error log,UX,Affects: BOOK-11,The primary Compare action opens the Compare view.,fixtures/book.json; chrome/Ribbon.tsx,story checker BOOK-11,FAIL (found in testing),Book's primary ribbon action 'Compare' is refused ACTION_UNPLACED although the Compare view is one tab away; the primary action of the section is a dead end.,"RibbonAction gains an optional `tab`; a ribbon action naming a tab is live and opens it (Ribbon onTab → Workspace tab choice). book.json Compare carries tab 'compare'. Tests: chrome 'a ribbon action that names a tab … opens it', 'the book's primary Compare opens its Compare tab'. An action naming a view the section does not have stays refused, never a live no-op (test: chrome 'an action naming a tab the section does not have is refused for that').",PASS: named test green (2026-09-11),Fixed
ERR-03,Error log,UX,Affects: UPL-08,The refusal names what actually clears it and where documents are dropped.,"fixtures/upload.json, states/upload.partial.json",story checker UPL-08,FAIL (found in testing),"Upload's 'Admit pack' refusal says 'clears when at least one file is selected', but the Upload section has no file input, so the instruction cannot be followed.",Upload's Admit pack now refuses INTAKE_UNPLACED naming the intake route and where documents are chosen. Test: upload 'none asks for a file this page cannot take'.,PASS: named test green (2026-09-11),Fixed
ERR-04,Error log,UX,Affects: DIR-10,"Beside the drop, an Admit pack control is visible and refused with its reason; the selected-files line says the files were not sent.",sections/directory/IntakeSuggestions.tsx IntakeDrop,story checker DIR-10,FAIL (found in testing),"Directory › Intake accepts dropped files and says they will be 'admitted as one pack, or none', but offers no admit control (live or refused) and sends nothing, so selecting files silently does nothing.","The drop region carries a visible, refused Admit pack (INTAKE_UNPLACED, reason inline) and the selected-files line says 'not sent'. Test: directory 'chosen files are said not to be sent …'.",PASS: named test green (2026-09-11),Fixed
ERR-05,Error log,UX,Affects: DIR-01,No row is drawn selected.,sections/directory/DirectorySection.tsx selected={rows[0]},story checker DIR-01; screenshot,FAIL (found in testing),The case register draws its first row as selected (accent border) although the register has no selection model; the highlight jumps to whichever row search or the filter puts first.,CaseRegister no longer draws a selected row (selection prop removed). Test: directory 'no row of the register is drawn selected'.,PASS: named test green (2026-09-11),Fixed
ERR-06,Error log,UX copy,Affects: CH-05 ST-03 INT-04,Clears text is a lower-case clause; the brief ends with exactly one full stop.,app/transport.ts; chrome/fallback.ts; vite.config.ts error fixture,story checker CH-05/ST-03; screenshot,FAIL (found in testing),"Client-owned refusal 'clears' strings are capitalised sentences, so the region reads 'Clears when The store answers again.' and the fallback brief doubles the period ('…again..').","Client refusal clauses are lower-case and unpunctuated; fallback brief strips a trailing stop before adding one; the fixture server's 503 body likewise. Tests: helpers 'ends its clause once', 'read as a clause after clears when'. (endsWith rather than a trailing-dot regex, the shape SonarQube flags as S8786.)",PASS: named test green (2026-09-11),Fixed
ERR-07,Error log,Data,Affects: ANA-12 WS-07,The frontier lists CP-6 (RUNNABLE) and CP-1C (RESTRICTED) only.,"fixtures/analysis.json, states/analysis.partial.json",story checker ANA-12,FAIL (found in testing),"Analysis 'Route frontier' (panel and rail) lists BLOCKED nodes and CP-MEMO, a module DECISIONS §14 does not place; the frontier is RUNNABLE + RESTRICTED (CONTEXT.md).","Analysis fixtures' frontier (panel and rail) are CP-6 RUNNABLE and CP-1C RESTRICTED only; supporting-research links name HOST, not CP-MEMO. Test: analysis 'the frontier is the nodes that may run now …'.",PASS: named test green (2026-09-11),Fixed
ERR-08,Error log,Data / UX,Affects: ANA-02 UPL-04 EV-01 MOD-06 REP-01 COM-04,The register shows D-06 withdrawn; every chip citing a withdrawn source is marked and the drawer says the source is withdrawn.,fixtures/*.json citations; evidence/CitationChip.tsx; evidence/EvidenceDrawer.tsx,story checker ANA-02; fixture scan (16 D-06 citations),FAIL (found in testing),"D-06 reads ADMITTED (grade B) in Analysis's source register but WITHDRAWN (grade C) in Upload for the same case and set; and no conclusion citing D-06 is marked, although Upload states 'every conclusion that cited it is marked'.","Citation gains optional `withdrawn_at`; chips and paper cites of a withdrawn source are struck through, dashed and named '· source withdrawn'; the drawer shows the withdrawal. All 16 D-06 citations carry it; Analysis's register shows D-06 WITHDRAWN, grade C. Tests: evidence (3), analysis 'register agrees with Upload'.",PASS: named test green (2026-09-11),Fixed
ERR-09,Error log,UX,Affects: REP-05,"The row says it is the viewer ('You'), not the signer.",sections/report/OpinionColumn.tsx,story checker REP-05; screenshot,FAIL (found in testing),"Report's opinion panel labels the viewer's served role 'Signer' while no one has signed rev_4, suggesting the viewer signed.",The opinion panel's viewer row is labelled 'You'. Test: report 'names the viewer as the viewer'.,PASS: named test green (2026-09-11),Fixed
ERR-10,Error log,UX copy,Affects: RUN-04,It reads 'no generation id'.,sections/run/NodeDetail.tsx,story checker (first run); code reading,FAIL (found in testing),A run attempt with no generation id shows an invented 'gen_—' token.,A missing generation id reads 'no generation id'. Test: run 'an attempt with no generation id says so'.,PASS: named test green (2026-09-11),Fixed
ERR-11,Error log,Logic,Affects: DLV-04,Freeze is keyed per case; a repeat freeze refuses DELIVERABLE_ALREADY_FROZEN.,server/store/schema.sql; server/deliverable/filing.py freeze,server probe S-A,FAIL (found in testing),"deliverable_publications is keyed on revision_id alone, so a second case cannot freeze its own 'rev_3' once any case has; that collision, and freezing the same revision twice, escape as an untyped psycopg UniqueViolation instead of a typed refusal.","deliverable_publications keyed (case_id, revision_id), opinions keyed by case first; a repeat freeze refuses DELIVERABLE_ALREADY_FROZEN inside the governed write (no audit entry). Tests: test_two_cases_each_freeze_their_own_revision_of_one_name, test_a_revision_is_frozen_once.",PASS: named test green (2026-09-11),Fixed
ERR-12,Error log,Logic,Affects: GAT-03,A withdrawal that changes no row refuses EVIDENCE_NOT_AVAILABLE and records nothing.,server/store/gates.py withdraw_source,server probe S-B,FAIL (found in testing),"withdraw_source writes a SOURCE_WITHDRAWN audit event even when nothing was withdrawn: a second withdrawal, another case's source and an unknown id all 'succeed' (4 audit entries for 1 withdrawal).","withdraw_source refuses EVIDENCE_NOT_AVAILABLE when its UPDATE changes no row, rolling back before any audit event. Test: test_withdrawing_what_is_not_live_here_is_refused_and_recorded_nowhere.",PASS: named test green (2026-09-11),Fixed
ERR-13,Error log,Logic,Affects: DLV-05,Anyone who signed any opinion on the revision is refused APPROVER_NOT_INDEPENDENT.,server/deliverable/filing.py file_deliverable,server probe S-C,FAIL (found in testing),Filing checks independence against the latest opinion's signer only; an approver who signed an earlier opinion on the same revision can file it.,file_deliverable refuses anyone who signed any opinion on the revision (or froze it). Test: test_filing_refuses_every_signer_of_the_revision.,PASS: named test green (2026-09-11),Fixed
ERR-14,Error log,Logic / HTTP,Affects: API-07 API-08,Missing configuration is STORE_NOT_CONFIGURED and every store-side fault is a 503.,server/api/app.py _STATUS/_database_url/blob_store,server probe S-D,FAIL (found in testing),Server misconfiguration answers as a 400 client refusal: with CAOS_BLOB_ROOT unset even an unknown run gets 400 BLOB_NOT_FOUND; a missing CAOS_DATABASE_URL is reported as STORE_NOT_TRANSACTIONAL.,New STORE_NOT_CONFIGURED for a missing database URL or blob root; store-side refusals map to 503. Tests: test_a_misconfigured_store_is_a_server_fault_not_a_bad_request + 3 updated.,PASS: named test green (2026-09-11),Fixed
ERR-15,Error log,Contract,Affects: API-06,"401 NOT_AUTHENTICATED without identity, else 404 RUN_NOT_FOUND, in the refusal body.",server/api/app.py,live API probe,FAIL (found in testing),"A malformed run id gets FastAPI's default 422 body echoing the input, not the declared {refusal: CODE}, and it is answered before authentication.",RequestValidationError on the path answers 401 NOT_AUTHENTICATED or 404 RUN_NOT_FOUND in the refusal body; body errors keep FastAPI's default. Test: test_a_malformed_run_id_is_answered_like_any_unknown_run.,PASS: named test green (2026-09-11),Fixed
ERR-16,Error log,Gap (undocumented),Affects: INT-01 INT-02 INT-03,Recorded in CLAUDE.md's known-gaps ledger with its upgrade path.,"frontend/src/app/transport.ts, sse.ts; server/api/app.py",live API probe; code reading,FAIL (found in testing),"The workspace runs on fixtures only and the gap is on no ledger: the API serves no /api/sections/*, the client tails /api/events for six lower-case names while the server streams /api/runs/{id}/events with RunEvent names, the client expects {code, clears} while the server sends {refusal}, and no governed write route exists.",Recorded in CLAUDE.md known gaps (Phase 9) with the upgrade path; every refused control now states it.,"GAP: the section API is feature work, not a fix; the refusals and the ledger now say so. PASS: named test green (2026-09-11)",Gap documented
ERR-17,Error log,Gap / Data,Affects: API-09 ADM-01,The Admin document claims no route that is not served; the gap is on the ledger.,fixtures/admin.json; server/api/app.py,live API probe; screenshot,FAIL (found in testing),"GET /api/health (SYSTEM_SPEC §11) is not served (404), yet the Admin fixture shows a green 'HEALTH · 200' chip and lists a deployment 'worker' SYSTEM_SPEC §1 says does not exist.",Recorded in CLAUDE.md known gaps (Phase 6); admin.json now reads 'HEALTH · NOT SERVED' and lists no worker. Test: admin 'claims no route or process the deployment does not have'.,GAP: health route not built; the refusals and the ledger now say so. PASS: named test green (2026-09-11),Gap documented
ERR-18,Error log,UX layout,Affects: RUN-01 RUN-02,Headers stay inside their column; a node shows its two reason lines whole.,styles/caos.css .stagehdr/.node; sections/run/RouteGraph.tsx NODE_H/ROW_H,layout measurement; screenshot,FAIL (found in testing),"Route DAG: stage headers overlap ('…COVENANTSSTAGE 4 · QA' by 11 px, '…DELIVERABLESTAGE 100' by 5 px) and 17 of 32 node reasons are clipped through the middle of their second line.","Stage headers are one column wide and wrap; nodes are 76px with fixed line heights and a one-line state, so two reason lines fit on all three engines. Test: workbench layout.spec 'stage headers stay in their columns …' (3 engines). Stage names clamp to two lines with the whole name in the title.",PASS: named test green (2026-09-11),Fixed
ERR-19,Error log,UX layout,Affects: MOD-06 COM-08,Prose wraps at spaces; only unbreakable tokens (digests) break anywhere.,"styles/caos.css .kv dd.wrap, .receipt",screenshot,FAIL (found in testing),"Prose in key-value cells and the receipt is broken mid-word ('liqui|dity', 'the o|pinion', 'pe|riods') because those rules use word-break: break-all.",`.kv dd.wrap` and `.receipt` use overflow-wrap: anywhere instead of word-break: break-all. Test: workbench layout.spec 'prose wraps between words'.,PASS: named test green (2026-09-11),Fixed
ERR-20,Error log,UX layout,Affects: REP-08 UPL-03,Module ids and timestamps never wrap internally.,styles/caos.css .secrow .src; sections/upload/SourcePack.tsx,screenshot,FAIL (found in testing),"Short tokens split across lines: Report's deliverable list shows 'CP-' / '1A', Upload's withdrawal cell shows '2026-09-' / '09 09:41Z'.",`.secrow .src` and withdrawal timestamps are nowrap. Test: workbench layout.spec 'module ids and timestamps never wrap inside themselves'.,PASS: named test green (2026-09-11),Fixed
ERR-21,Error log,UX copy (latent),Affects: DIR-05 DIR-09,Singular for one file; sizes under a kilobyte in bytes.,sections/directory/DirectorySection.tsx,code reading,FAIL (found in code review),An intake of one file read '1 files'; a file under 1 KB read '0 KB'.,Pluralised; sizeOf() prints bytes under 1 KB. Test: directory 'an intake of one small file reads in the singular and in bytes'.,PASS: named test green (2026-09-11),Fixed
ERR-22,Error log,Logic (latent),Affects: UPL-01,The pack tab says the pack holds no source.,sections/upload/UploadSection.tsx,code reading,FAIL (found in code review),An empty pack on the Source pack tab read 'No source is withdrawn.',Message chosen by tab. Test: upload 'an empty pack says the pack is empty'.,PASS: named test green (2026-09-11),Fixed
ERR-23,Error log,UX (latent),Affects: ANA-07,No warning mark when there is nothing to warn about.,sections/analysis/Conflicts.tsx,code reading,FAIL (found in code review),An empty definition-conflict register still drew a WARNING triangle and a warning tag.,Mark and tone only when conflicts exist. Test: analysis 'an empty conflict register raises no warning'.,PASS: named test green (2026-09-11),Fixed
ERR-24,Error log,Logic,Affects: DLV-05,The receipt names the signer whose opinion the freeze bound.,server/deliverable/filing.py file_deliverable,confidence review probe,FAIL (found in confidence review),"file_deliverable named the latest signer on the revision, so an opinion signed on other bytes after the freeze was paired on the receipt with the frozen digest it never signed.",file_deliverable reads every signature once (_signatures) and names the latest signer whose digest is the frozen payload; the same rows give the independence set. Test: test_the_receipt_names_the_signer_of_the_frozen_bytes.,PASS: named test green (2026-09-11),Fixed
ERR-25,Error log,Logic,Affects: DLV-04 DLV-05,"Nobody takes two roles on one revision: freeze refuses anyone who signed it and a frozen revision takes no further signature, so a receipt names three people and its package verifies.","server/deliverable/filing.py sign_opinion, freeze",adversarial review probe,FAIL (found in adversarial review),"A signer could freeze their own opinion, the freezer could co-sign the bytes before or after freezing, and any opinion could be signed after the freeze. Filing then accepted an independent filer and returned a receipt naming the freezer as signer, which verify_package refuses (fewer than three people): a filed deliverable that can never verify.","freeze refuses anyone who signed the revision (APPROVER_NOT_INDEPENDENT); sign_opinion refuses a frozen revision (DELIVERABLE_ALREADY_FROZEN). Tests: test_freezing_refuses_a_signer_of_the_revision, test_the_receipt_names_the_signer_of_the_frozen_bytes (now also verifies the package).",PASS: named test green (2026-09-11),Fixed
ERR-26,Error log,Logic (concurrency),Affects: DLV-04 DLV-05,"Every check that reads the chain runs under the case's chain lock, inside the governed write.","server/deliverable/filing.py freeze, file_deliverable",adversarial review probe (forced interleaving),FAIL (found in adversarial review),"freeze and file_deliverable read the signatures before governed_write took the case's lock, so a signature committed in between (the filer's own) passed the independence check, and the chain recorded OPINION_SIGNED then DELIVERABLE_FILED by one person.","The signature reads and independence checks moved inside the write, under the lock sign_opinion also takes. Test: test_no_signature_lands_between_the_independence_check_and_the_filing.",PASS: named test green (2026-09-11),Fixed
ERR-27,Error log,Logic / HTTP,Affects: API-07 API-08,"A configured store that does not answer is refused STORE_UNAVAILABLE with 503, its code alone.","server/api/app.py store_connection, _STATUS",adversarial review probe,FAIL (found in adversarial review),"With Postgres unreachable, connect() raised psycopg.OperationalError: every caller got a bare 500 and the server log carried psycopg's message (host, port, role). A malformed stored blob address still answered 400.","store_connection refuses STORE_UNAVAILABLE (503), raised outside the except so nothing is chained behind it; BLOB_ADDRESS_INVALID is a 503 store fault. Test: test_a_store_that_does_not_answer_is_a_server_fault.",PASS: named test green (2026-09-11),Fixed
ERR-28,Error log,Contract,Affects: API-06,Only a malformed run_id is answered as a missing run; any other malformed parameter keeps FastAPI's default until its route says otherwise.,server/api/app.py _malformed_run_id,adversarial review (reading); test over a throwaway route,FAIL (found in adversarial review),"The validation handler answered every malformed path parameter as RUN_NOT_FOUND, so the first route taking another id would have said a run was missing.","The handler answers only when every error is on ('path', 'run_id'). Test: test_only_a_run_id_that_cannot_be_read_is_answered_as_a_missing_run.",PASS: named test green (2026-09-11),Fixed
ERR-29,Error log,UX copy,Affects: CH-05 ST-03,"The fallback brief closes the clause with one mark, keeping a clause's own '?' or '!'.",frontend/src/chrome/fallback.ts sentenceOf,adversarial review (node probe),FAIL (found in adversarial review),"The fallback brief read 'Clears when x. .' for a clause ending in a space, and 'Clears when why?.' for a question.","sentenceOf trims the clause and adds a full stop only when it has no closing mark. Test: helpers 'the fallback brief ends its clause once, however the refusal punctuates it' (four cases).",PASS: named test green (2026-09-11),Fixed
ERR-30,Error log,UX copy,Affects: DIR-05 DIR-09,A file of megabytes reads in megabytes.,frontend/src/sections/directory/DirectorySection.tsx sizeOf,adversarial review (node probe),FAIL (found in adversarial review),sizeOf had no megabyte step: a 5 MB report read '5120 KB'.,"sizeOf reads bytes, then kilobytes, then megabytes to one decimal. Test: directory 'a file of megabytes reads in megabytes, not thousands of kilobytes'.",PASS: named test green (2026-09-11),Fixed
ERR-31,Error log,UX,Affects: BOOK-11,"An action naming a tab the section does not have is refused for that reason (VIEW_UNPLACED, naming the tab).",frontend/src/chrome/Ribbon.tsx; frontend/src/wire/shared.ts RibbonAction.tab,adversarial review (reading),FAIL (found in adversarial review),"A ribbon action whose view matched no tab fell back to ACTION_UNPLACED, blaming a missing API route for a tab the section does not have; the wire field `view` also shared its word with the section's view components.","The field is `tab`, matching chrome.tabs and the view's `tab` prop; an unknown tab is refused VIEW_UNPLACED, 'this section has a <tab> tab'. Test: chrome 'an action naming a tab the section does not have is refused for that, never a live no-op'.",PASS: named test green (2026-09-11),Fixed
ERR-32,Error log,Contract / HTTP,Affects: API-04 API-08,A request with no identity is answered 401 NOT_AUTHENTICATED before any dependency that costs a store connection is resolved.,"server/api/app.py actor_from_request, read_run, read_run_events",store left unconfigured and pointed at a dead socket; the store dependency counted over both routes,FAIL (found reading the route surface),"Both run routes declared conn: Store and blobs: Blobs and derived the actor in the route body. FastAPI resolves a route's dependencies before the body runs, so every anonymous request opened an unpooled Postgres connection before identity was known -- a cheap way to exhaust the database -- and an anonymous caller meeting an unconfigured or unreachable store got 503 STORE_NOT_CONFIGURED or STORE_UNAVAILABLE, telling them to come back later when no amount of later would help.","Identity is a declared dependency, actor_from_request, declared ahead of Store and Blobs on both routes; FastAPI builds a route's dependency list in parameter order and solves it sequentially. Tests: test_an_anonymous_request_is_401_whatever_the_store_is_doing, test_an_anonymous_request_opens_no_store_connection, test_the_malformed_id_handler_derives_identity_of_its_own (the handler's own identity lines, which the dependency now reaches first).",PASS: named tests green (2026-09-12),Fixed
ERR-33,Error log,Logic,Affects: DLV-03 DLV-04 DLV-05 BND-01,"A revision id reaching pinned state, a publication row or a governed audit payload carries BoundaryText: NFC-normalised before the length bound, and refused for a lone surrogate, a Cc control other than CR/LF/TAB, or a bidirectional override or isolate.","server/deliverable/filing.py sign_opinion, freeze, file_deliverable, Opinion, Receipt, _signatures, _frozen",named tests in tests/test_deliverable.py against a real Postgres,FAIL (found reading CLAUDE.md's boundary-text rule against the filing chain),"All three functions took revision_id as a bare str and wrote it into deliverable_opinions, deliverable_publications and three governed audit payloads. The composed and decomposed spellings of one accented label render identically and differ in byte string, so they were two revisions: the decomposed spelling found no signature at all (DELIVERABLE_NOT_SIGNED), and signed under it the case would hold a publication row each for one label -- 'a revision is frozen once' holding per byte string rather than per label somebody approved. A label carrying U+202E reached the store unrefused, so the revision a reviewer reads on screen and the revision the store holds could differ.","revision_id is BoundaryText on all three functions, on Opinion and Receipt, and on _signatures and _frozen; .value is what reaches SQL, the three audit payloads and receipt_bytes. No refusal was added: DELIVERABLE_ALREADY_FROZEN already came off the conditional insert, and BOUNDARY_TEXT_INVALID is the type's own. Tests: test_a_revision_is_one_revision_however_its_label_is_normalised, test_a_revision_label_carrying_a_bidi_control_is_refused.",PASS: named tests green (2026-09-12),Fixed
